Order,Chart,Row,Artist,Album,Date Finished,Primary Genre,Specific Genre,Average Rating,Ratings by Listen,,,,,,,,,,,,,,,
1,1,1,Animal Collective,Merriweather Post-Pavillion,1/1/2017,Indie,Indie Rock,4,4,,,,,,,,,,,,,,,
2,1,1,Animal Collective,Strawberry Jam,1/1/2017,Indie,Indie Rock,2,2,,,,,,,,,,,,,,,
3,1,1,The Antlers,Hospice,1/1/2017,Indie,Indie Rock,6.333333333,4,7,8,,,,,,,,,,,,,
4,1,1,Arcade Fire,Funeral,1/1/2017,Indie,Indie Rock,7,7,,,,,,,,,,,,,,,
5,1,1,Beach House,Bloom,1/1/2017,Indie,Indie Pop,N/A,,,,,,,,,,,,,,,,
6,1,1,Bon Iver,"For Emma, Forever Ago",1/1/2017,Indie,Indie Folk,10,10,,,,,,,,,,,,,,,
7,1,1,Death Cab For Cutie,Transatlanticism,1/1/2017,Indie,Indie Rock,6.5,5,8,,,,,,,,,,,,,,
8,1,1,The Flaming Lips,Yoshimi Battles the Pink Robots,1/1/2017,Indie,Indie Rock,6,5,7,,,,,,,,,,,,,,
9,1,1,Fleet Foxes,Fleet Foxes,1/1/2017,Indie,Indie Folk,5,5,,,,,,,,,,,,,,,
10,1,1,Grizzly Bear,Veckatimest,1/1/2017,Indie,Indie Rock,6,6,,,,,,,,,,,,,,,
11,1,1,Interpol,Turn On The Bright Light,1/1/2017,Indie,Indie Rock,5,5,,,,,,,,,,,,,,,
12,1,1,MGMT,Oracular Spectacular,1/1/2017,Indie,Indietronica,7,7,,,,,,,,,,,,,,,
13,1,2,The Microphones,The Glow Pt II,1/1/2017,Indie,Avant-folk,5,5,,,,,,,,,,,,,,,
14,1,2,Modest Mouse,The Moon and Antartica,1/1/2017,Indie,Indie Rock,7,7,,,,,,,,,,,,,,,
15,1,2,Panda Bear,Person Pitch,1/1/2017,Indie,Indie Rock,N/A,,,,,,,,,,,,,,,,
16,1,2,St Vincent,Actor,1/1/2017,Indie,Indie Rock,N/A,,,,,,,,,,,,,,,,
17,1,2,Sufjan Stevens,Illnois,1/1/2017,Indie,Indie Folk,6,6,,,,,,,,,,,,,,,
18,1,2,Tame Impala,Lonerism,1/1/2017,Indie,Neo-psych,5,5,,,,,,,,,,,,,,,
19,1,2,The Strokes,Is This It?,1/1/2017,Indie,Garage Revival,8,8,,,,,,,,,,,,,,,
20,1,2,The White Stripes,Elephant,1/1/2017,Indie,Garage Revival,6,6,,,,,,,,,,,,,,,
21,1,2,The XX,XX,1/1/2017,Indie,Indie Pop,6.5,6.5,,,,,,,,,,,,,,,
22,1,2,Wilco,Yankee Hotel Foxtrot,1/1/2017,Indie,Indie Rock,6.5,5,8,,,,,,,,,,,,,,
23,1,2,Beiruit,Gulag Orkestra,1/1/2017,Indie,Indie Folk,5,5,,,,,,,,,,,,,,,
24,1,2,Jonsi,Go,1/1/2017,Indie,Post Rock,7,7,,,,,,,,,,,,,,,
25,1,3,M83,Digital Shades Vol 1,1/1/2017,Electronic,Ambient,3,3,,,,,,,,,,,,,,,
26,1,3,Delorean,Subiza,1/1/2017,Electronic,Alt Dance,N/A,,,,,,,,,,,,,,,,
27,1,3,The Decemberists,5 Songs,1/1/2017,Indie,Indie Folk,N/A,,,,,,,,,,,,,,,,
28,1,3,Orchestral Manoeuvres in the Dark,Dazzle Ships,1/1/2017,Electronic,New Wave,N/A,,,,,,,,,,,,,,,,
29,1,3,The Get Up Kids,Something to Write Home About,1/1/2017,Rock,Emo,N/A,,,,,,,,,,,,,,,,
30,1,3,Turnover,Peripherial Vision,1/1/2017,Rock,Emo,N/A,,,,,,,,,,,,,,,,
31,1,3,Car Seat Headrest,Teens of Denial,1/1/2017,Indie,Indie Rock,7,7,,,,,,,,,,,,,,,
32,1,3,Flatsound,"scotland, i wish you had stayed",1/1/2017,Indie,Garage Lo-Fi,N/A,,,,,,,,,,,,,,,,
33,1,3,Car Seat Headrest,Twin Fantasy,1/1/2017,Indie,Indie Rock,N/A,,,,,,,,,,,,,,,,
34,1,3,Built to Spill,Ancient Melodies of the Future,1/1/2017,Rock,Indie Rock,N/A,,,,,,,,,,,,,,,,
35,1,3,La Dispute,"Here, Hear III",1/1/2017,Experimental,Spoken Word,N/A,,,,,,,,,,,,,,,,
36,1,3,I See Stars,Treehouse,1/1/2017,Electronic,Electronicore,N/A,,,,,,,,,,,,,,,,
37,1,4,???????,2 8 1 4,1/1/2017,Electronic,Vaporwave,5,5,,,,,,,,,,,,,,,
38,1,4,nmesh,Dream Sequins,1/1/2017,Electronic,Vaporwave,N/A,,,,,,,,,,,,,,,,
39,1,4,ESPRIT ??,virtua.zip,1/1/2017,Electronic,Vaporwave,6,6,,,,,,,,,,,,,,,
40,1,4,No Joy,Wait to Pleasure,1/1/2017,Rock,Shoegaze,N/A,,,,,,,,,,,,,,,,
41,1,4,Nothing,Guilty of Everything,1/1/2017,Rock,Shoegaze,N/A,,,,,,,,,,,,,,,,
42,1,4,Alcest,Kodama,1/1/2017,Rock,Blackgaze,N/A,,,,,,,,,,,,,,,,
43,1,4,Nothing,Tired of Tomorrow,1/1/2017,Rock,Shoegaze,N/A,,,,,,,,,,,,,,,,
44,1,4,A.C. Newman,The Slow Wonder,1/1/2017,Indie,Indie Rock,6.5,6.5,,,,,,,,,,,,,,,
45,1,4,Various Artists,3...2...1...A Rocket Girl Compilation,1/1/2017,Rock,Indie Rock,N/A,,,,,,,,,,,,,,,,
46,1,4,Bombay Bicycle Club,I Had the Blues But Then I Shook Them Loose,1/1/2017,Rock,Indie Rock,6.333333333,4,7,8,,,,,,,,,,,,,
47,1,4,In Love With A Ghost,Let's Go,1/1/2017,Electronic,Vaporwave,N/A,,,,,,,,,,,,,,,,
48,1,4,In Love With A Ghost,Ghost,1/1/2017,Electronic,Vaporwave,N/A,,,,,,,,,,,,,,,,
49,1,5,In Love With A Ghost,Diary // 2012-2014,1/1/2017,Electronic,Vaporwave,N/A,,,,,,,,,,,,,,,,
50,1,5,Everything Everything,Get to Heaven,1/1/2017,Indie,Alternative Rock/Indie Rock,7,7,,,,,,,,,,,,,,,
51,1,5,Bon Iver,"22, A Million",1/1/2017,Pop,Folktronica,4,4,,,,,,,,,,,,,,,
52,1,5,Bon Iver,Bon Iver,1/1/2017,Indie,Indie Folk,5,5,,,,,,,,,,,,,,,
53,1,5,Coldplay,The Blue Room - EP,1/1/2017,Rock,Alternative Rock,N/A,,,,,,,,,,,,,,,,
54,1,5,The National,Cherry Tree - EP,1/1/2017,Rock,Indie Rock,N/A,,,,,,,,,,,,,,,,
55,1,5,Boards of Canada,In a Beautiful Place Out in the Country - EP,1/1/2017,Electronic,Vaporwave,5,5,,,,,,,,,,,,,,,
56,1,5,Parkay Quarts,Tally All the Things That You Broke - EP,1/1/2017,Rock,Garage Rock,N/A,,,,,,,,,,,,,,,,
57,1,5,Janelle Mon�e,Metropolis - EP,1/1/2017,Pop,Pop Soul,N/A,,,,,,,,,,,,,,,,
58,1,5,Sufjan Stevens,All Delighted People - EP,1/1/2017,Indie,Indie Folk,N/A,,,,,,,,,,,,,,,,
59,1,5,Bright Eyes,There Is No Beginning to the Story,1/1/2017,Indie,Indie Emo,N/A,,,,,,,,,,,,,,,,
60,1,5,Arctic Monkeys,Who The Fuck Are The Arctic Monkeys - EP,1/1/2017,Rock,Garage Rock,N/A,,,,,,,,,,,,,,,,
61,1,6,Andrew Jihad Jackson,People Who Can Eat People Are The Luckiest People In The World,1/1/2017,Folk,Folk Punk,N/A,,,,,,,,,,,,,,,,
62,1,6,Crywank,Tomorrow Is Nearly Yesterday and Everyday Is Stupid,1/1/2017,Folk,Folk Punk,N/A,,,,,,,,,,,,,,,,
63,1,6,Camp Cope,Camp Cope,1/1/2017,Rock,Alternative Rock,N/A,,,,,,,,,,,,,,,,
64,1,6,Chris Farren,Can't Die,1/1/2017,Pop,Pop Rock,N/A,,,,,,,,,,,,,,,,
65,1,6,The Elwins,And I Thank You,1/1/2017,Pop,Pop Rock,N/A,,,,,,,,,,,,,,,,
66,1,6,The Elwins,Play For Keeps,1/1/2017,Pop,Pop Rock,N/A,,,,,,,,,,,,,,,,
67,1,6,Whirr,Pipe Dreams,1/1/2017,Rock,Shoegaze,N/A,,,,,,,,,,,,,,,,
68,1,6,Traveling Wilburies,Volume 1,1/1/2017,Rock,Classic Rock,N/A,,,,,,,,,,,,,,,,
69,1,6,Lush,Lovelife,1/1/2017,Rock,Britpop,N/A,,,,,,,,,,,,,,,,
70,1,6,Bon Voyage,L'Imposture,1/1/2017,Electronic,Shoegaze,N/A,,,,,,,,,,,,,,,,
71,1,6,Starflyer 59,The Changing of the Guard,1/1/2017,Rock,Indie Rock,N/A,,,,,,,,,,,,,,,,
72,1,6,Ovlov,Am,1/1/2017,Rock,Indie Rock,N/A,,,,,,,,,,,,,,,,
73,1,7,LSD and the Search for God,LSD and the Search for God,1/1/2017,Rock,Shoegaze,N/A,,,,,,,,,,,,,,,,
74,1,7,Soulvaki,Slowdive,1/1/2017,Rock,Shoegaze,N/A,,,,,,,,,,,,,,,,
75,1,7,My Bloody Valentine,Loveless,1/1/2017,Rock,Shoegaze,6.5,4,6,8,8,,,,,,,,,,,,
76,1,7,The National,The National,1/1/2017,Indie,Indie Rock,N/A,,,,,,,,,,,,,,,,
77,1,7,The National,Alligator,1/1/2017,Indie,Indie Rock,N/A,,,,,,,,,,,,,,,,
78,1,7,The National,The Virginia EP,1/1/2017,Indie,Indie Rock,N/A,,,,,,,,,,,,,,,,
79,1,7,The National,Sad Songs for Dirty Lovers,1/1/2017,Indie,Indie Rock,N/A,,,,,,,,,,,,,,,,
80,1,7,The National,High Violet,1/1/2017,Indie,Indie Rock,N/A,,,,,,,,,,,,,,,,
81,1,7,New Order,"Power, Corruption, Lies",1/1/2017,Rock,New Wave,8.5,7,10,,,,,,,,,,,,,,
82,1,7,Silver Sun Pickups,Carnavas,1/1/2017,Rock,Shoegaze,6,6,,,,,,,,,,,,,,,
83,1,7,Neutral Milk Hotel,In The Airplane Over The Sea,1/1/2017,Indie,Indie Rock,5,5,,,,,,,,,,,,,,,
84,1,7,Kanye West,My Beautiful Dark Twisted Fantasy,1/1/2017,Rap,Hip-Hop,8,8,,,,,,,,,,,,,,,
85,1,8,Teenage Fanclub,Bandwagonesque,1/1/2017,Rock,Alternative Rock,N/A,,,,,,,,,,,,,,,,
86,1,8,Ra Ra Riot,Ra Ra Riot,1/1/2017,Rock,Indie Rock,N/A,,,,,,,,,,,,,,,,
87,1,8,Ra Ra Riot,The Rhumb Line,1/1/2017,Rock,Indie Rock,N/A,,,,,,,,,,,,,,,,
88,1,8,Big Black,Songs About Fucking,1/1/2017,Rock,Noise Rock,N/A,,,,,,,,,,,,,,,,
89,1,8,Godspeed You! Black Emperor,Lift Yr Skinny Fist Like Antennas to the Heavens,1/1/2017,Rock,Post Rock,N/A,,,,,,,,,,,,,,,,
90,1,8,American Football,LP1,1/1/2017,Rock,Math Rock,4,4,,,,,,,,,,,,,,,
91,1,8,Carly Rae Jepson,Emotion,1/1/2017,Pop,Synth-Pop/Jazz,9,9,,,,,,,,,,,,,,,
92,1,8,David Bowie,Blackstar,1/1/2017,Rock,Art Rock,9,9,,,,,,,,,,,,,,,
93,1,8,Mac Demarco,Another One,1/1/2017,Rock,Jangle Pop,N/A,,,,,,,,,,,,,,,,
94,1,8,Mac Demarco,Salad Days,1/1/2017,Rock,Lo-fi Rock,N/A,,,,,,,,,,,,,,,,
95,1,8,Blondie,Parallel Lines,1/1/2017,Rock,New Wave,N/A,,,,,,,,,,,,,,,,
96,1,8,Kanye West,808s and Heartbreaks,1/1/2017,Rap,Synth-Pop,6,6,,,,,,,,,,,,,,,
97,1,9,Kanye West,Graduation,1/1/2017,Rap,Hip Hop,6,6,,,,,,,,,,,,,,,
98,1,9,Death Grips,No Love Deep Web,1/1/2017,Rap,Experimental Rap,7,7,,,,,,,,,,,,,,,
99,1,9,The Bravery,The Sun and the Moon,1/1/2017,Rock,Garage Rock,N/A,,,,,,,,,,,,,,,,
100,1,9,Arcade Fire,Reflektor,1/1/2017,Indie,Indie Rock,N/A,,,,,,,,,,,,,,,,
101,1,9,Kendrick Lamar,To Pimp A Butterfly,1/1/2017,Rap,Jazz Rap,N/A,,,,,,,,,,,,,,,,
102,1,9,Mac Demarco,2,1/1/2017,Rock,Jangle Pop,N/A,,,,,,,,,,,,,,,,
103,1,9,In Love With A Ghost,Discography 2015-2016,1/1/2017,Electronic,Vaporwave,N/A,,,,,,,,,,,,,,,,
104,1,9,Weezer,Pinkerton,1/1/2017,Rock,Emo Rock,4,4,,,,,,,,,,,,,,,
105,1,9,Frightened Rabbit,Midnight Organ Fight,1/1/2017,Folk,Indie Folk,N/A,,,,,,,,,,,,,,,,
106,1,9,Home,Odyssey,1/1/2017,Electronic,Vaporwave,8,8,,,,,,,,,,,,,,,
107,1,9,Gorillaz,Plastic Beach,1/1/2017,Hip Hop,Trip Hop,N/A,,,,,,,,,,,,,,,,
108,1,9,Neil Cicierega,Mouth Moods,1/1/2017,Misc,Mashup,7,7,,,,,,,,,,,,,,,
109,1,10,Electric Guest,Plural,1/1/2017,Indie,Indietronica,N/A,,,,,,,,,,,,,,,,
110,1,10,Electric Guest,Mondo,1/1/2017,Indie,Indietronica,N/A,,,,,,,,,,,,,,,,
111,1,10,Airborne Toxic Event,Airborne Toxic Event,1/1/2017,Rock,Indie Rock,7.666666667,6,8,9,,,,,,,,,,,,,
112,1,10,The Beach Boys,Pet Shop Sounds,1/1/2017,Rock,,N/A,,,,,,,,,,,,,,,,
113,1,10,Anderson.Paak,Malibu,1/1/2017,R&B,Neo Soul,N/A,,,,,,,,,,,,,,,,
114,1,10,Breakbot,Still Water,1/1/2017,R&B,Nu-Disco,N/A,,,,,,,,,,,,,,,,
115,1,10,Breakbot,By Your Side,1/1/2017,R&B,Nu-Disco,N/A,,,,,,,,,,,,,,,,
116,1,10,Miles Davis,Kind of Blue,1/1/2017,Jazz,,N/A,,,,,,,,,,,,,,,,
117,1,10,Miles Davis,Blue Moods,1/1/2017,Jazz,,N/A,,,,,,,,,,,,,,,,
118,1,10,Miles Davis,Blue Haze,1/1/2017,Jazz,,N/A,,,,,,,,,,,,,,,,
119,1,10,Miles Davis,Bitches Brew,1/1/2017,Jazz,,N/A,,,,,,,,,,,,,,,,
120,1,10,Kid Cudi,Man on the Moon,1/1/2017,Rap,,N/A,,,,,,,,,,,,,,,,
121,1,11,Daft Punk,Musique Vol. 1 1993-2005,1/1/2017,Electronic,,N/A,,,,,,,,,,,,,,,,
122,1,11,Jamiroquai,Dynamite,1/1/2017,Disco,Nu-Disco,N/A,,,,,,,,,,,,,,,,
123,1,11,Jamiroquai,A Funk Odyssey,1/1/2017,Disco,Nu-Disco,N/A,,,,,,,,,,,,,,,,
124,1,11,Jamiroquai,Sykronized,1/1/2017,Disco,Nu-Disco,N/A,,,,,,,,,,,,,,,,
125,1,11,Jamiroquai,Emergency on Planet Earth,1/1/2017,Disco,Nu-Disco,N/A,,,,,,,,,,,,,,,,
126,1,11,Justice,??,1/1/2017,Electronic,,N/A,,,,,,,,,,,,,,,,
127,1,11,Todd Terje,It's Album Time,1/1/2017,Disco,Nu-Disco,N/A,,,,,,,,,,,,,,,,
128,1,11,Hans-Peter Lindstr�m,Runddans,1/1/2017,Disco,Nu-Disco,N/A,,,,,,,,,,,,,,,,
129,1,11,Spacehog,Resident Alien,1/1/2017,Rock,,N/A,,,,,,,,,,,,,,,,
130,1,11,Band of Skulls,Sweet Sour,1/1/2017,Rock,,N/A,,,,,,,,,,,,,,,,
131,1,11,Benji Hughs,A Love Extreme,1/1/2017,Indie,,N/A,,,,,,,,,,,,,,,,
132,1,11,Bibio,A Mineral Love,1/1/2017,Electronic,,N/A,,,,,,,,,,,,,,,,
133,1,12,Bibio,fi,1/1/2017,Electronic,,N/A,,,,,,,,,,,,,,,,
134,1,12,Bibio,Silver Wilkinson,1/1/2017,Electronic,,N/A,,,,,,,,,,,,,,,,
135,1,12,The Blue Van,Dear Independence,1/1/2017,Rock,,N/A,,,,,,,,,,,,,,,,
136,1,12,Carolina Liar,Wild Blessed Freedom,1/1/2017,Rock,,N/A,,,,,,,,,,,,,,,,
137,1,12,Carolina Liar,Coming to Terms,1/1/2017,Rock,,N/A,,,,,,,,,,,,,,,,
138,1,12,Airborne Toxic Event,Songs of God and Whiskey,1/1/2017,Rock,Indie Rock,N/A,,,,,,,,,,,,,,,,
139,1,12,Airborne Toxic Event,Dope Machines,1/1/2017,Rock,Indie Rock,N/A,,,,,,,,,,,,,,,,
140,1,12,Airborne Toxic Event,Such Hot Blood,1/1/2017,Rock,Indie Rock,N/A,,,,,,,,,,,,,,,,
141,1,12,Airborne Toxic Event,All At Once,1/1/2017,Rock,Indie Rock,N/A,,,,,,,,,,,,,,,,
142,1,12,The Antlers,Burst Apart,1/1/2017,Rock,Indie Rock,N/A,,,,,,,,,,,,,,,,
143,1,12,Andy Warhol and the Velvet Underground,,1/1/2017,Rock,,N/A,,,,,,,,,,,,,,,,
144,1,12,Sonic Youth,Daydream,1/1/2017,Rock,,N/A,,,,,,,,,,,,,,,,
145,2,1,Frank Ocean,"Nostalgia, Ultra",1/1/2017,R&B,,N/A,,,,,,,,,,,,,,,,
146,2,1,Carly Rae Jepson,Emotion - B Sides,1/1/2017,Pop,,N/A,,,,,,,,,,,,,,,,
147,2,1,The Shins,Heartworms,1/1/2017,Rock,,N/A,,,,,,,,,,,,,,,,
148,2,1,Arcade Fire,Reflektor,1/1/2017,Rock,Indie Rock,N/A,,,,,,,,,,,,,,,,
149,2,1,Kanye West,The Life of Pablo,1/1/2017,Rap,,N/A,,,,,,,,,,,,,,,,
150,2,1,Kanye West,Yeezus,1/1/2017,Rap,,N/A,,,,,,,,,,,,,,,,
151,2,1,Kid Cudi,"Passion, Pain, and Demon Slayin'",1/1/2017,Rap,,N/A,,,,,,,,,,,,,,,,
152,2,1,NxWorries,Yes Lawd!,1/1/2017,Rap,,N/A,,,,,,,,,,,,,,,,
153,2,1,Laura Marling,"Alas, I Cannot Swim",1/1/2017,,,N/A,,,,,,,,,,,,,,,,
154,2,1,Chicano Batman,Freedom Is Free,1/1/2017,Rock,,N/A,,,,,,,,,,,,,,,,
155,2,1,Sampha,Process,1/1/2017,Rap,,N/A,,,,,,,,,,,,,,,,
156,2,1,Pinegrove,Cardinal,1/1/2017,Rock,Indie Rock/Folk Rock,N/A,,,,,,,,,,,,,,,,
157,2,2,Saba,Bucket List Project,1/1/2017,Rap,,N/A,,,,,,,,,,,,,,,,
158,2,2,Noname,Telefone,1/1/2017,Rap,,N/A,,,,,,,,,,,,,,,,
159,2,2,Jen Lekmans,Night Falls Over Kortedala,1/1/2017,,,N/A,,,,,,,,,,,,,,,,
160,2,2,The Mountain Goats,Beat the Champ,1/1/2017,,,N/A,,,,,,,,,,,,,,,,
161,2,2,Mitski,Puberty,1/1/2017,,,N/A,,,,,,,,,,,,,,,,
162,2,2,Pyschopomp,Japanese Breakfast,1/1/2017,,,N/A,,,,,,,,,,,,,,,,
163,2,2,Swet Shop Boys,Cashmere,1/1/2017,Rap,,N/A,,,,,,,,,,,,,,,,
164,2,2,Frank Ocean,Blond,1/1/2017,R&B,,N/A,,,,,,,,,,,,,,,,
165,2,2,Frank Ocean,Channel Orange,1/1/2017,R&B,,N/A,,,,,,,,,,,,,,,,
166,2,2,Anderson .Paak,Venice,1/1/2017,Rap,,N/A,,,,,,,,,,,,,,,,
167,2,2,Kevin Abstract,MTV1987,1/1/2017,Rap,,N/A,,,,,,,,,,,,,,,,
168,2,2,Kevin Abstract,American Boyfriend,1/1/2017,Rap,,N/A,,,,,,,,,,,,,,,,
169,2,3,Miguel,Wildheart,1/1/2017,Rap,,N/A,,,,,,,,,,,,,,,,
170,2,3,A Tribe Called Quest,We Got It From Here... Thank You For Your Service,1/1/2017,Rap,,N/A,,,,,,,,,,,,,,,,
171,2,3,Vic Mensa,There's A Lot Going On Here,1/1/2017,Rap,,N/A,,,,,,,,,,,,,,,,
172,2,3,Vince Staples,Summertime '06,1/1/2017,Rap,,N/A,,,,,,,,,,,,,,,,
173,2,3,KAYTRANADA,99.90%,1/1/2017,Rap,,N/A,,,,,,,,,,,,,,,,
174,2,3,The Mountain Goats,All Hail West Texas,1/1/2017,,,N/A,,,,,,,,,,,,,,,,
175,2,3,The Pablo Collective,The Death of Pablo,1/1/2017,,,N/A,,,,,,,,,,,,,,,,
176,2,3,The Weakerthans,Left and Leaving,1/1/2017,Rock,Emo Rock,N/A,,,,,,,,,,,,,,,,
177,2,3,The Hoteliers,"Home, Like NoPlace Is There",1/1/2017,Rock,,N/A,,,,,,,,,,,,,,,,
178,2,3,Case/lang/viers,Case/lang/viers,1/1/2017,Rock,,N/A,,,,,,,,,,,,,,,,
179,2,3,Conor Oberst,Rumminations,1/1/2017,Rock,,N/A,,,,,,,,,,,,,,,,
180,2,3,Passion Pit,Tremendous Sea of Love,1/1/2017,Rock,,4,4,,,,,,,,,,,,,,,
181,2,4,Kamasi Washington,The Epic,1/1/2017,Jazz,,N/A,,,,,,,,,,,,,,,,
182,2,4,Phantogram,Three,1/1/2017,Electronic,,N/A,,,,,,,,,,,,,,,,
183,2,4,Phantogram,Voices,1/1/2017,Electronic,,N/A,,,,,,,,,,,,,,,,
184,2,4,Phantogram,Nightlife,1/1/2017,Electronic,,N/A,,,,,,,,,,,,,,,,
185,2,4,Phantogram,Eyelid Movies,1/1/2017,Electronic,,N/A,,,,,,,,,,,,,,,,
186,2,4,Joy Division,Closer,1/1/2017,Rock,Post-Punk Rock,7,7,,,,,,,,,,,,,,,
187,2,4,Ben Gibbard,Former Lives,1/1/2017,Indie,,N/A,,,,,,,,,,,,,,,,
188,2,4,Blur,13,1/1/2017,Rock,,N/A,,,,,,,,,,,,,,,,
189,2,4,Arcade Fire,The Suburbs,1/1/2017,Indie,Indie Rock,N/A,,,,,,,,,,,,,,,,
190,2,4,Talking Heads,Remain in Light,1/1/2017,Rock,New Wave,N/A,,,,,,,,,,,,,,,,
191,2,4,The Oh Hellos,Dear Wormwood,1/1/2017,Indie,Indie Folk,N/A,,,,,,,,,,,,,,,,
192,2,4,The Oh Hellos,"Through the Deep, Dark Valley",1/1/2017,Indie,Indie Folk,N/A,,,,,,,,,,,,,,,,
193,2,5,Randy Newman,Songbooks Volume I,1/1/2017,Rock,R&B Rock,N/A,,,,,,,,,,,,,,,,
194,2,5,Spoon,Hot Thoughts,1/1/2017,Rock,Art Rock,N/A,,,,,,,,,,,,,,,,
195,2,5,Spoon,They Want My Soul,1/1/2017,Rock,Art Rock,N/A,,,,,,,,,,,,,,,,
196,2,5,Spoon,Transference,1/1/2017,Rock,Art Rock,N/A,,,,,,,,,,,,,,,,
197,2,5,Spoon,Kill The Moonlight,1/1/2017,Rock,Art Rock,N/A,,,,,,,,,,,,,,,,
198,2,5,Outkast,Aquemini,1/1/2017,Rap,,N/A,,,,,,,,,,,,,,,,
199,2,5,Outkast,Southernplayalisticadillacmuzik,1/1/2017,Rap,,N/A,,,,,,,,,,,,,,,,
200,2,5,The Roots,The Tipping Point,1/1/2017,Rap,,N/A,,,,,,,,,,,,,,,,
201,2,5,Gorillaz,The Fall,1/1/2017,,,N/A,,,,,,,,,,,,,,,,
202,2,5,Vulfpeck,The Beautiful Game,1/1/2017,R&B,,N/A,,,,,,,,,,,,,,,,
203,2,5,Vulfpeck,Thrill of the Arts,1/1/2017,R&B,,N/A,,,,,,,,,,,,,,,,
204,2,5,Vulfpeck,Fugue State,1/1/2017,R&B,,N/A,,,,,,,,,,,,,,,,
205,2,6,Vulfpeck,My First Car,1/1/2017,R&B,,N/A,,,,,,,,,,,,,,,,
206,2,6,Vulfpeck,Vollmilch,1/1/2017,R&B,,N/A,,,,,,,,,,,,,,,,
207,2,6,Vulfpeck,Mit Peck,1/1/2017,R&B,,N/A,,,,,,,,,,,,,,,,
208,2,6,Meg and Dia,"Here, Here, and Here",1/1/2017,Rock,,N/A,,,,,,,,,,,,,,,,
209,2,6,Smashing Pumpkins,Siamese Dreams,1/1/2017,Rock,,N/A,,,,,,,,,,,,,,,,
210,2,6,Grouplove,Little Mess EP,1/1/2017,Rock,,N/A,,,,,,,,,,,,,,,,
211,2,6,The Cure,Wish,1/1/2017,Rock,,N/A,,,,,,,,,,,,,,,,
212,2,6,The Cure,Disintegration,1/1/2017,Rock,,N/A,,,,,,,,,,,,,,,,
213,2,6,The Cure,The Head on the Door,1/1/2017,Rock,,N/A,,,,,,,,,,,,,,,,
214,2,6,The Cure,Three Imaginary Boys,1/1/2017,Rock,,N/A,,,,,,,,,,,,,,,,
215,2,6,Deltron 3030,Deltron 3030,1/1/2017,Rap,,N/A,,,,,,,,,,,,,,,,
216,2,6,Slint,Spinderland,1/1/2017,Rock,,N/A,,,,,,,,,,,,,,,,
217,2,7,Fleetwood Mac,Rumors,1/1/2017,Rock,,N/A,,,,,,,,,,,,,,,,
218,2,7,Owen,At Home With Owen,1/1/2017,Rock,,N/A,,,,,,,,,,,,,,,,
219,2,7,The Front Bottoms,The Front Bottoms,1/1/2017,Rock,,N/A,,,,,,,,,,,,,,,,
220,2,7,Mattafix,Rhythm and Hymns,1/1/2017,Pop,,N/A,,,,,,,,,,,,,,,,
221,2,7,Mattafix,Signs of a Struggle,1/1/2017,Pop,,N/A,,,,,,,,,,,,,,,,
222,2,7,Smallpools,Lovetap!,1/1/2017,Rock,,N/A,,,,,,,,,,,,,,,,
223,2,7,Hozier,Hozier,1/1/2017,Rock,,N/A,,,,,,,,,,,,,,,,
224,2,7,The Joy Formidable,Sleep Is Day,1/1/2017,Rock,,N/A,,,,,,,,,,,,,,,,
225,2,7,The Joy Formidable,Hitch,1/1/2017,Rock,,N/A,,,,,,,,,,,,,,,,
226,2,7,The Joy Formidable,Wolf's Law,1/1/2017,Rock,,N/A,,,,,,,,,,,,,,,,
227,2,7,The Joy Formidable,The Big Roar,1/1/2017,Rock,,N/A,,,,,,,,,,,,,,,,
228,2,7,The Joy Formidable,A Balloon Called Moaning,1/1/2017,Rock,,N/A,,,,,,,,,,,,,,,,
229,2,8,Mom Jeans,Best Buds,1/1/2017,Rock,,N/A,,,,,,,,,,,,,,,,
230,2,8,Tiny Moving Parts,Celebrate,1/1/2017,Rock,,N/A,,,,,,,,,,,,,,,,
231,2,8,Cigarettes After Sex,Affection,1/1/2017,Rock,,N/A,,,,,,,,,,,,,,,,
232,2,8,Cigarettes After Sex,K.,1/1/2017,Rock,,N/A,,,,,,,,,,,,,,,,
233,2,8,Cigarettes After Sex,Apocolypse,1/1/2017,Rock,,N/A,,,,,,,,,,,,,,,,
234,2,8,Rainbow Kitten Surprise,RKS,1/1/2017,Rock,,N/A,,,,,,,,,,,,,,,,
235,2,8,Rainbow Kitten Surprise,Seven + Mary,1/1/2017,Rock,,N/A,,,,,,,,,,,,,,,,
236,2,8,Grizzly Bear,Shields,1/1/2017,Rock,,N/A,,,,,,,,,,,,,,,,
237,2,8,Grizzly Bear,Yellow House,1/1/2017,Rock,,N/A,,,,,,,,,,,,,,,,
238,2,8,of Montreal,Innocence Reaches,1/1/2017,Rock,,N/A,,,,,,,,,,,,,,,,
239,2,8,of Montreal,Aureate Gloom,1/1/2017,Rock,,N/A,,,,,,,,,,,,,,,,
240,2,8,of Montreal,lousy with sylvianbriar,1/1/2017,Rock,,N/A,,,,,,,,,,,,,,,,
241,2,9,King Gizzard and the Lizard Wizards,,1/1/2017,Rock,,N/A,,,,,,,,,,,,,,,,
242,2,9,King Gizzard and the Lizard Wizards,Oddments,1/1/2017,Rock,,N/A,,,,,,,,,,,,,,,,
243,2,9,The Brian Jonestown Massacre,Revelation,1/1/2017,Rock,,N/A,,,,,,,,,,,,,,,,
244,2,9,Brian Jonestown Massacre,Tepid Peppermint Wonderland - A Retrospective,1/1/2017,Rock,,N/A,,,,,,,,,,,,,,,,
245,2,9,Lily Allen,Smile,1/1/2017,Pop,,N/A,,,,,,,,,,,,,,,,
246,2,9,Lily Allen,It's Not You It's Me,1/1/2017,Pop,,N/A,,,,,,,,,,,,,,,,
247,2,9,Lily Allen,Sheezus,1/1/2017,Pop,,N/A,,,,,,,,,,,,,,,,
248,2,9,The Oh Hellos,Oh. Hello.,1/1/2017,Folk,,N/A,,,,,,,,,,,,,,,,
249,2,9,Edward Sharpe and the Magnetic Zeros,Up From Below,1/1/2017,Folk,,N/A,,,,,,,,,,,,,,,,
250,2,9,Edward Sharpe and the Magnetic Zeros,Edward Sharpe and the Magnetic Zeros,1/1/2017,Folk,,N/A,,,,,,,,,,,,,,,,
251,2,9,The Hold Steady,Almost Killed Me,1/1/2017,Rock,,N/A,,,,,,,,,,,,,,,,
252,2,9,The Hold Steady,Heaven Is Whenever,1/1/2017,Rock,,N/A,,,,,,,,,,,,,,,,
253,2,10,Halfnoise,Sudden Feeling,1/1/2017,Electronic,,N/A,,,,,,,,,,,,,,,,
254,2,10,The Avalanches,Since I Left You,1/1/2017,Electronic,,N/A,,,,,,,,,,,,,,,,
255,2,10,Alvvays,Alvvays,1/1/2017,,,N/A,,,,,,,,,,,,,,,,
256,2,10,Summer Heart,About A Feeling,1/1/2017,,,N/A,,,,,,,,,,,,,,,,
257,2,10,MF Doom,MF EP,1/1/2017,Rap,,N/A,,,,,,,,,,,,,,,,
258,2,10,MF Doom,Mm.. Food,1/1/2017,Rap,,N/A,,,,,,,,,,,,,,,,
259,2,10,Madvillian,Madvilliany,1/1/2017,Rap,,N/A,,,,,,,,,,,,,,,,
260,2,10,Danger Doom,The Mouse and the Mask,1/1/2017,Rap,,N/A,,,,,,,,,,,,,,,,
261,2,10,The Morning Benders,Big Echo,1/1/2017,Electronic,,N/A,,,,,,,,,,,,,,,,
262,2,10,Blind Pilot,3 Rounds and a Sound,1/1/2017,Folk,Indie Folk,N/A,,,,,,,,,,,,,,,,
263,2,10,Beirut,The Flying Cup Club,1/1/2017,Folk,Indie Folk,N/A,,,,,,,,,,,,,,,,
264,2,10,Beiruit,The Riptide,1/1/2017,Folk,Indie Folk,N/A,,,,,,,,,,,,,,,,
265,2,11,Beirut,No No No,1/1/2017,Folk,Indie Folk,N/A,,,,,,,,,,,,,,,,
266,2,11,The Middle East,I Want That You Are Always Happy,1/1/2017,Folk,,N/A,,,,,,,,,,,,,,,,
267,2,11,Death Grips,The Money Store,1/1/2017,Rap,,9,9,,,,,,,,,,,,,,,
268,2,11,Death Grips,Bottomless Pit,1/1/2017,Rap,,N/A,,,,,,,,,,,,,,,,
269,2,11,DJ Shadow,The Mountain Will Fall,1/1/2017,Electronic,,N/A,,,,,,,,,,,,,,,,
270,2,11,DJ Shadow,Endtroducing,1/1/2017,Electronic,,N/A,,,,,,,,,,,,,,,,
271,2,11,Run The Jewels,Run The Jewels 1,1/1/2017,Rap,,N/A,,,,,,,,,,,,,,,,
272,2,11,Run The Jewels,Run The Jewels 2,1/1/2017,Rap,,N/A,,,,,,,,,,,,,,,,
273,2,11,Run The Jewels,Run The Jewels 3,1/1/2017,Rap,,N/A,,,,,,,,,,,,,,,,
274,2,11,Kaleo,A/B,1/1/2017,,,N/A,,,,,,,,,,,,,,,,
275,2,11,Wings,Band on the Run,1/1/2017,Rock,,N/A,,,,,,,,,,,,,,,,
276,2,11,Wings,At The Speed of Sound,1/1/2017,Rock,,N/A,,,,,,,,,,,,,,,,
277,2,12,Maximo Park,Too Much Information,1/1/2017,Rock,,6.5,6.5,,,,,,,,,,,,,,,
278,2,12,Radiohead,In Rainbows,1/1/2017,Rock,,N/A,,,,,,,,,,,,,,,,
279,2,12,Radiohead,Kid A,1/1/2017,Rock,,N/A,,,,,,,,,,,,,,,,
280,2,12,Radiohead,OK Computer,1/1/2017,Rock,,N/A,,,,,,,,,,,,,,,,
281,2,12,Radiohead,The Bends,1/1/2017,Rock,,N/A,,,,,,,,,,,,,,,,
282,2,12,The Antlers,Familiars,1/1/2017,Rock,,N/A,,,,,,,,,,,,,,,,
283,2,12,The Antlers,(together),1/1/2017,Rock,,N/A,,,,,,,,,,,,,,,,
284,2,12,The Antlers,In the Attic of the Universe,1/1/2017,Rock,,N/A,,,,,,,,,,,,,,,,
285,2,12,The Antlers,Uprooted,1/1/2017,Rock,,N/A,,,,,,,,,,,,,,,,
286,2,12,Simon and Garfunkel,Bookends,1/1/2017,,,N/A,,,,,,,,,,,,,,,,
287,2,12,The Magnetic Fields,69 Songs About Love,1/1/2017,,,N/A,,,,,,,,,,,,,,,,
288,2,12,Daniel Johnson,Hi How Are You: The Unfinished Album,1/1/2017,,,5.5,5.5,,,,,,,,,,,,,,,
289,3,1,Phoenix,Ti Amo,1/1/2017,Rock,,4,4,,,,,,,,,,,,,,,
290,3,1,Portugal. the Man,Woodstock,1/1/2017,Rock,,5,5,,,,,,,,,,,,,,,
291,3,1,The Beach Boys,Surfer Girl,1/1/2017,Rock,,N/A,,,,,,,,,,,,,,,,
292,3,1,The Beach Boys,Summer Days,1/1/2017,Rock,,N/A,,,,,,,,,,,,,,,,
293,3,1,The Beach Boys,Smiley Smile,1/1/2017,Rock,,N/A,,,,,,,,,,,,,,,,
294,3,1,The Beach Boys,Smile,1/1/2017,Rock,,N/A,,,,,,,,,,,,,,,,
295,3,1,Talk Talk,Spirit of Eden,1/1/2017,Electronic,,N/A,,,,,,,,,,,,,,,,
296,3,1,Eels,Souljacker,1/1/2017,Rock,,N/A,,,,,,,,,,,,,,,,
297,3,1,Datarock,Red,1/1/2017,Rock,,N/A,,,,,,,,,,,,,,,,
298,3,1,Sam Isaac,Bears,1/1/2017,Indie,,N/A,,,,,,,,,,,,,,,,
299,3,1,Cassettes Won't Listen,Small Time Machine,1/1/2017,Electronic,,7,7,,,,,,,,,,,,,,,
300,3,1,Chinese Football,Chinese Football,1/1/2017,Rock,,8,8,,,,,,,,,,,,,,,
301,3,2,Matt Costa,Songs We Sing,1/1/2017,Indie,,N/A,,,,,,,,,,,,,,,,
302,3,2,Jack Penate,Everything Is New,1/1/2017,Indie,,N/A,,,,,,,,,,,,,,,,
303,3,2,Generationals,Con Law,1/1/2017,Indie,,N/A,,,,,,,,,,,,,,,,
304,3,2,Jeremy Messersmith,A Reluctant Graveyard,1/1/2017,Indie,,N/A,,,,,,,,,,,,,,,,
305,3,2,Stars,The Five Ghosts,1/1/2017,Indie,,N/A,,,,,,,,,,,,,,,,
306,3,2,Alexi Murdoch,Towards the Sun,1/1/2017,Indie,,N/A,,,,,,,,,,,,,,,,
307,3,2,Admiral Fallow,Squelling Pigs,1/1/2017,Indie,,N/A,,,,,,,,,,,,,,,,
308,3,2,The One AM Radio,Heaven Is Attached By A Slender Thread,1/1/2017,Electronic,,N/A,,,,,,,,,,,,,,,,
309,3,2,The Cave Singers,No Witch,1/1/2017,,,N/A,,,,,,,,,,,,,,,,
310,3,2,Nico Stai,Park Los Angeles,1/1/2017,Indie,,N/A,,,,,,,,,,,,,,,,
311,3,2,The Avalanches,Wildflower,1/1/2017,Electronic,,N/A,,,,,,,,,,,,,,,,
312,3,2,Gnarles Barkley,The Odd Couple,1/1/2017,,,N/A,,,,,,,,,,,,,,,,
313,3,3,Death Grips,Government Plates,1/1/2017,Rap,,N/A,,,,,,,,,,,,,,,,
314,3,3,Death Grips,Fashion Week,1/1/2017,Rap,,N/A,,,,,,,,,,,,,,,,
315,3,3,Moods,Seasons EP,1/1/2017,Electronic,,N/A,,,,,,,,,,,,,,,,
316,3,3,Childish Gambino,Awaken My Love,1/1/2017,R&B,,N/A,,,,,,,,,,,,,,,,
317,3,3,Childish Gambino,Because the Internet,1/1/2017,Rap,,N/A,,,,,,,,,,,,,,,,
318,3,3,Surfing,Deep Fantasy,1/1/2017,Electronic,,N/A,,,,,,,,,,,,,,,,
319,3,3,The Strokes,Angles,1/1/2017,Rock,Garage Rock,8,8,,,,,,,,,,,,,,,
320,3,3,Levante,Manuale Distruzione,1/1/2017,,,N/A,,,,,,,,,,,,,,,,
321,3,3,The Style Council,Cafe Bleu,1/1/2017,Jazz,,N/A,,,,,,,,,,,,,,,,
322,3,3,Ben,Soul Wash,1/1/2017,,,N/A,,,,,,,,,,,,,,,,
323,3,3,John Legend,Once Again,1/1/2017,,,N/A,,,,,,,,,,,,,,,,
324,3,3,DJ Disse,When I'm Bored I Change Colors,1/1/2017,,,N/A,,,,,,,,,,,,,,,,
325,3,4,Flying Lotus,Los Angeles,1/1/2017,Electronic,,N/A,,,,,,,,,,,,,,,,
326,3,4,Clem Snide,Beautiful EP,1/1/2017,,,N/A,,,,,,,,,,,,,,,,
327,3,4,Verzache,D97,1/1/2017,Electronic,,7,7,,,,,,,,,,,,,,,
328,3,4,Flying Lotus,Cosmogramma,1/1/2017,Electronic,,N/A,,,,,,,,,,,,,,,,
329,3,4,Throbbing Gristle,20 Jazz Funk Greats,1/1/2017,,,N/A,,,,,,,,,,,,,,,,
330,3,4,SBTRKT,SBTRKT,1/1/2017,,,N/A,,,,,,,,,,,,,,,,
331,3,4,Jamie XX,In Colour,1/1/2017,Electronic,,N/A,,,,,,,,,,,,,,,,
332,3,4,Burial,Untrue,1/1/2017,,,N/A,,,,,,,,,,,,,,,,
333,3,4,Gary Newman,The Pleasure Principal,1/1/2017,Electronic,New Wave,8,8,,,,,,,,,,,,,,,
334,3,4,Aphex Twins,Windowlicker,1/1/2017,Electronic,,6,6,,,,,,,,,,,,,,,
335,3,4,Ryoji Ikeda,Dataplex,1/1/2017,Electronic,Post-Industrial Dance Music,2,2,,,,,,,,,,,,,,,
336,3,4,Secede,Tryshalsa,1/1/2017,,,N/A,,,,,,,,,,,,,,,,
337,3,5,Kiln,Sunbox,1/1/2017,,,N/A,,,,,,,,,,,,,,,,
338,3,5,Garmarna,Vedergallningen,1/1/2017,,,N/A,,,,,,,,,,,,,,,,
339,3,5,Mt Wolf,Red,1/1/2017,,,N/A,,,,,,,,,,,,,,,,
340,3,5,S,Puking and Crying,1/1/2017,,,N/A,,,,,,,,,,,,,,,,
341,3,5,Mum,Finally We Are No One,1/1/2017,,,N/A,,,,,,,,,,,,,,,,
342,3,5,Rome,Masse Mensch Material,1/1/2017,,,N/A,,,,,,,,,,,,,,,,
343,3,5,Doves,The Last Broadcast,1/1/2017,,,N/A,,,,,,,,,,,,,,,,
344,3,5,Liza Anne,Two,1/1/2017,,,N/A,,,,,,,,,,,,,,,,
345,3,5,TIndersticks,Tindersticks,1/1/2017,Indie,,N/A,,,,,,,,,,,,,,,,
346,3,5,The Perishers,Let There Be Morning,1/1/2017,Indie,,N/A,,,,,,,,,,,,,,,,
347,3,5,The Zombies,Odyssey and Oracle,1/1/2017,Rock,,N/A,,,,,,,,,,,,,,,,
348,3,5,The Zombies,Begin Here,1/1/2017,Rock,,N/A,,,,,,,,,,,,,,,,
349,3,6,Pete Townsend,Empty Glass,1/1/2017,Rock,,N/A,,,,,,,,,,,,,,,,
350,3,6,Lorde,Melodrama,1/1/2017,Pop,,N/A,,,,,,,,,,,,,,,,
351,3,6,Remember,?????????,1/1/2017,Electronic,,N/A,,,,,,,,,,,,,,,,
352,3,6,t e l e p a t h ????????,???????,1/1/2017,Electronic,,N/A,,,,,,,,,,,,,,,,
353,3,6,t e l e p a t h ???????? and VAPERROR,????? : ?,1/1/2017,Electronic,,N/A,,,,,,,,,,,,,,,,
354,3,6,Milo Greene,Mile Greene,1/1/2017,Folk,,N/A,,,,,,,,,,,,,,,,
355,3,6,Cinematic Orchestra,Ma Fleur,1/1/2017,Folk,Indie Folk,N/A,,,,,,,,,,,,,,,,
356,3,6,Queens of the Stone Age,Songs for the Deaf,1/1/2017,Rock,,N/A,,,,,,,,,,,,,,,,
357,3,6,Washed Out,Mister Mellow,1/1/2017,Electronic,Chillwave,N/A,,,,,,,,,,,,,,,,
358,3,6,Arcade Fire,Neon Bible,1/1/2017,Indie,Indie Rock,N/A,,,,,,,,,,,,,,,,
359,3,6,Alt-J,An Awesome Wave,1/1/2017,Indie,Indie Rock,7,7,,,,,,,,,,,,,,,
360,3,6,Alt-J,All Of This Is Yours,1/1/2017,Indie,Indie Rock,N/A,,,,,,,,,,,,,,,,
361,3,7,teen suicide,waste yrself,1/1/2017,,,N/A,,,,,,,,,,,,,,,,
362,3,7,Thin Lizzy,Bad Reputation,1/1/2017,Rock,,N/A,,,,,,,,,,,,,,,,
363,3,7,Flume,Skin,1/1/2017,Electronic,,N/A,,,,,,,,,,,,,,,,
364,3,7,Rozwell Kid,Precious Art,1/1/2017,Rock,,N/A,,,,,,,,,,,,,,,,
365,3,7,Tanlines,Highlighs,1/1/2017,Electronic,Dance,N/A,,,,,,,,,,,,,,,,
366,3,7,Wilco,A.M.,1/1/2017,Rock,Folk Rock,N/A,,,,,,,,,,,,,,,,
367,3,7,Thundercat,Drunk,1/1/2017,Jazz,Jazz Fusion,8,8,,,,,,,,,,,,,,,
368,3,7,Tyler the Creator,Wolf,1/1/2017,Rap,,N/A,,,,,,,,,,,,,,,,
369,3,7,Tyler the Creator,Cherry Bomb,1/1/2017,Rap,,N/A,,,,,,,,,,,,,,,,
370,3,7,Thin Lizzy,Thin Lizzy,1/1/2017,Rock,,N/A,,,,,,,,,,,,,,,,
371,3,7,Thin Lizzy,Shades of a Blue Orphanage,1/1/2017,Rock,,7,7,,,,,,,,,,,,,,,
372,3,7,Thin Lizzy,Vagabonds of the Western Worlds,1/1/2017,Rock,,N/A,,,,,,,,,,,,,,,,
373,3,8,Thin Lizzy,Jailbreak,1/1/2017,Rock,,N/A,,,,,,,,,,,,,,,,
374,3,8,Yes,Fragile,1/1/2017,Rock,,N/A,,,,,,,,,,,,,,,,
375,3,8,Yes,Yes,1/1/2017,Rock,,N/A,,,,,,,,,,,,,,,,
376,3,8,Yes,90215,1/1/2017,Rock,,N/A,,,,,,,,,,,,,,,,
377,3,8,Madeon,Adventure,1/1/2017,Electronic,,N/A,,,,,,,,,,,,,,,,
378,3,8,Brian Eno,Another Green World,1/1/2017,Rock,,N/A,,,,,,,,,,,,,,,,
379,3,8,Amos Lee,Amos Lee,1/1/2017,,,N/A,,,,,,,,,,,,,,,,
380,3,8,Randy Newman,Randy Newman,1/1/2017,Rock,R&B Rock,N/A,,,,,,,,,,,,,,,,
381,3,8,Randy Newman,12 Songs,1/1/2017,Rock,R&B Rock,N/A,,,,,,,,,,,,,,,,
382,3,8,Tracy Chapman,Tracy Chapman,1/1/2017,,,N/A,,,,,,,,,,,,,,,,
383,3,8,The Jon Spencer Blues Explosion,,1/1/2017,Rock,,N/A,,,,,,,,,,,,,,,,
384,3,8,Macintosh Plus,Floral Shoppe 2: The Darkest Future,1/1/2017,Electronic,Vaporwave,N/A,,,,,,,,,,,,,,,,
385,3,9,Blank Banshee,Blank Banshee 1,1/1/2017,Electronic,Vaporwave,N/A,,,,,,,,,,,,,,,,
386,3,9,Blank Banshee,MEGA,1/1/2017,Electronic,Vaporwave,N/A,,,,,,,,,,,,,,,,
387,3,9,John Mayer,Room For Squares,1/1/2017,Rock,Coffeehouse Rock,7,7,,,,,,,,,,,,,,,
388,3,9,Kero Kero Bonito,Bonito Generation,1/1/2017,Pop,,N/A,,,,,,,,,,,,,,,,
389,3,9,A Flock of Seagulls,A Flock of Seagulls,1/1/2017,Rock,,N/A,,,,,,,,,,,,,,,,
390,3,9,The Human League,Dare,1/1/2017,Rock,New Wave,N/A,,,,,,,,,,,,,,,,
391,3,9,Ludovin,How to Find a Party,1/1/2017,Pop,,7,7,,,,,,,,,,,,,,,
392,3,9,Childish Gambino,Kawaii,1/1/2017,Rap,,N/A,,,,,,,,,,,,,,,,
393,3,9,The Head and the Heart,Signs of Light,1/1/2017,,,N/A,,,,,,,,,,,,,,,,
394,3,9,The Head and the Heart,The Head and the Heart,1/1/2017,,,N/A,,,,,,,,,,,,,,,,
395,3,9,Foster the People,Sacred Hearts Club,1/1/2017,Rock,,6.25,5,7.5,,,,,,,,,,,,,,
396,3,9,Tyler the Creator,Flower Boy,1/1/2017,Rap,,N/A,,,,,,,,,,,,,,,,
397,3,10,Joywave,Content,1/1/2017,Rock,,N/A,,,,,,,,,,,,,,,,
398,3,10,Arcade Fire,Everything Now,1/1/2017,Rock,,N/A,,,,,,,,,,,,,,,,
399,3,10,Tyler the Creator ,Flower Boy,1/1/2017,Rap,,N/A,,,,,,,,,,,,,,,,
400,3,10,Kendrick Lamar,DAMN.,1/1/2017,Rap,,N/A,,,,,,,,,,,,,,,,
401,3,10,The Bravery,Stir the Blood,1/1/2017,Rock,,6,6,,,,,,,,,,,,,,,
402,3,10,Kevin Morby,Still Lifes,1/1/2017,,,N/A,,,,,,,,,,,,,,,,
403,3,10,Gold Panda,Companion,1/1/2017,Electronic,Ambient Electronic,N/A,,,,,,,,,,,,,,,,
404,3,10,Gold Panda,Half of Where You Live,1/1/2017,Electronic,Ambient Electronic,N/A,,,,,,,,,,,,,,,,
405,3,10,Gold Panda,Gold Luck and Do Your Best,1/1/2017,Electronic,Ambient Electronic,N/A,,,,,,,,,,,,,,,,
406,3,10,Four Tet,Beautiful Rewind,1/1/2017,Electronic,Ambient Electronic,N/A,,,,,,,,,,,,,,,,
407,3,10,Four Tet,Pink,1/1/2017,Electronic,Ambient Electronic,N/A,,,,,,,,,,,,,,,,
408,3,10,Caribou,Our Love,1/1/2017,Electronic,Ambient Electronic,N/A,,,,,,,,,,,,,,,,
409,3,11,Norah Jones,Come Away With Me,1/1/2017,,,N/A,,,,,,,,,,,,,,,,
410,3,11,ABC,Lexicon of Love,1/1/2017,,,N/A,,,,,,,,,,,,,,,,
411,3,11,Roxy Music,Avalon,1/1/2017,,,N/A,,,,,,,,,,,,,,,,
412,3,11,The Alan Parson Project,Vulture Culture,1/1/2017,Rock,,N/A,,,,,,,,,,,,,,,,
413,3,11,Pearl Jam,Lightning Bolt,1/1/2017,Rock,Grunge,N/A,,,,,,,,,,,,,,,,
414,3,11,Pearl Jam,Backspacer,1/1/2017,Rock,Grunge,N/A,,,,,,,,,,,,,,,,
415,3,11,Pearl Jam,Us v Them,1/1/2017,Rock,Grunge,N/A,,,,,,,,,,,,,,,,
416,3,11,Pearl Jam,Ten,1/1/2017,Rock,Grunge,N/A,,,,,,,,,,,,,,,,
417,3,11,Tom Petty and the Heartbreakers,Damn the Torpedos,1/1/2017,Rock,,N/A,,,,,,,,,,,,,,,,
418,3,11,U2,War,1/1/2017,Rock,,N/A,,,,,,,,,,,,,,,,
419,3,11,Loverboy,Get Lucky,1/1/2017,Rock,,N/A,,,,,,,,,,,,,,,,
420,3,11,38 Special,Rockin' into the Night,1/1/2017,Rock,,N/A,,,,,,,,,,,,,,,,
421,3,12,The Go-Gos,Vacation,1/1/2017,Rock,New Wave,N/A,,,,,,,,,,,,,,,,
422,3,12,The Go-Gos,The Beauty and the Beat,1/1/2017,Rock,New Wave,N/A,,,,,,,,,,,,,,,,
423,3,12,Death Grips,The Powers That B,1/1/2017,Rap,Experimental Rap,N/A,,,,,,,,,,,,,,,,
424,3,12,Mary O'Hara,Songs of Ireland,1/1/2017,Folk,Irish Folk,N/A,,,,,,,,,,,,,,,,
425,3,12,Soundgarden,Down On The Upside,1/1/2017,Rock,Grunge,N/A,,,,,,,,,,,,,,,,
426,3,12,Soundgarden,Superunknown,1/1/2017,Rock,Grunge,N/A,,,,,,,,,,,,,,,,
427,3,12,Liz Phair,Liz Phair,1/1/2017,Rock,Alternative Rock,N/A,,,,,,,,,,,,,,,,
428,3,12,Taylor Swift,Taylor Swift,1/1/2017,Country,Country,N/A,,,,,,,,,,,,,,,,
429,3,12,Taylor Swift,Fearless,1/1/2017,Country,Country,N/A,,,,,,,,,,,,,,,,
430,3,12,Taylor Swift,Speak Now,1/1/2017,Country,Country Pop,N/A,,,,,,,,,,,,,,,,
431,3,12,New Order,Music Complete,1/1/2017,Rock,New Wave,N/A,,,,,,,,,,,,,,,,
432,3,12,New Order,Movement,1/1/2017,Rock,New Wave,N/A,,,,,,,,,,,,,,,,
433,4,1,New Order,Movement,1/1/2017,Rock,New Wave,N/A,,,,,,,,,,,,,,,,
434,4,1,New Order,Technique,1/1/2017,Rock,New Wave,N/A,,,,,,,,,,,,,,,,
435,4,1,Third Eye Blind,Blue,1/1/2017,Rock,Post-Grunge,N/A,,,,,,,,,,,,,,,,
436,4,1,Bear's Den,Islands,1/1/2017,Folk,,N/A,,,,,,,,,,,,,,,,
437,4,1,Emanicpator,Soon it Will be Cold Enough,1/1/2017,Electronic,Downtempo/TripHop,N/A,,,,,,,,,,,,,,,,
438,4,1,Emanicpator,safe in the steep cliffs,1/1/2017,Electronic,Downtempo/TripHop,N/A,,,,,,,,,,,,,,,,
439,4,1,Emanicpator,Dusk to Dawn,1/1/2017,Electronic,Downtempo/TripHop,N/A,,,,,,,,,,,,,,,,
440,4,1,Emanicpator,Seven Seas,1/1/2017,Electronic,Downtempo/TripHop,N/A,,,,,,,,,,,,,,,,
441,4,1,Pretty Lights,Glowing In The Darkest Night,1/1/2017,Electronic,Downtempo/TripHop,N/A,,,,,,,,,,,,,,,,
442,4,1,Pretty Lights,Taking Up Your Precious Time,1/1/2017,Electronic,Downtempo/TripHop,N/A,,,,,,,,,,,,,,,,
443,4,2,Pink Floyd,Dark Side of the Moon,1/1/2017,Rock,Psych Rock,N/A,,,,,,,,,,,,,,,,
444,4,2,Grizzly Bear,Painted Ruins,1/1/2017,Rock,Art Rock,N/A,,,,,,,,,,,,,,,,
445,4,2,Milt Jackson & John Coltrane,Gags and Trane,1/1/2017,Jazz,Jazz,N/A,,,,,,,,,,,,,,,,
446,4,2,VAPERROR,Mana Pool,1/1/2017,Electronic,Vaportrap,7,7,,,,,,,,,,,,,,,
447,4,2,Elliott Smith,Figure 8,1/1/2017,Indie,,N/A,,,,,,,,,,,,,,,,
448,4,2,Elliott Smith,Elliott Smith,1/1/2017,Indie,,N/A,,,,,,,,,,,,,,,,
449,4,2,Elliott Smith,From A Basement of the Hill,1/1/2017,Indie,,N/A,,,,,,,,,,,,,,,,
450,4,2,Bombay Bicycle Club,"So Long, See You Tomorrow",1/1/2017,Rock,Chillwave,8,8,,,,,,,,,,,,,,,
451,4,2,Ella Fitzgerald & Louis Armstrong,Ella and Louis,1/1/2017,Jazz,Jazz,N/A,,,,,,,,,,,,,,,,
452,4,2,Audioslave,Audioslave,1/1/2017,Rock,,N/A,,,,,,,,,,,,,,,,
453,4,3,Temple of the Dog,Temple of the Dog,1/1/2017,Rock,,N/A,,,,,,,,,,,,,,,,
454,4,3,Linkin Park,Hybrid Theory,1/1/2017,Metal,Nu-Metal,N/A,,,,,,,,,,,,,,,,
455,4,3,Linkin Park,Meteora,1/1/2017,Metal,Nu-Metal,N/A,,,,,,,,,,,,,,,,
456,4,3,clipping.,Splendor & Misery,1/1/2017,Rap,,8.5,8.5,,,,,,,,,,,,,,,
457,4,3,LCD Soundsystem,American Dream,1/1/2017,Electronic,,N/A,,,,,,,,,,,,,,,,
458,4,3,Faith Healer,Cosmic Troubles,1/1/2017,,,N/A,,,,,,,,,,,,,,,,
459,4,3,Sylvan Esso,What Now,1/1/2017,Electronic,,N/A,,,,,,,,,,,,,,,,
460,4,3,Sufjan Stevens,Carrie & Lowell,1/1/2017,Folk,,N/A,,,,,,,,,,,,,,,,
461,4,3,The Get Up Kids,Something to Write Home About,1/1/2017,Rock,,N/A,,,,,,,,,,,,,,,,
462,4,3,Moodyman,Silentintroduction,1/1/2017,Electronic,House,N/A,,,,,,,,,,,,,,,,
463,4,4,deadmau5,4x4=12,1/1/2017,Electronic,,N/A,,,,,,,,,,,,,,,,
464,4,4,Madonna,Ray of Light,1/1/2017,Electronic,House,N/A,,,,,,,,,,,,,,,,
465,4,4,Underworld,Underworld 1992-2002,1/1/2017,Electronic,House,N/A,,,,,,,,,,,,,,,,
466,4,4,Various Artists,Journey Into Paradise - The Larry Levan Story,1/1/2017,Electronic,House,N/A,,,,,,,,,,,,,,,,
467,4,4,Basement Jaxx,Remedy,1/1/2017,Electronic,House,N/A,,,,,,,,,,,,,,,,
468,4,4,Herbert,Scale,1/1/2017,Electronic,House,N/A,,,,,,,,,,,,,,,,
469,4,4,Herbert,Bodily Functions,1/1/2017,Electronic,House,N/A,,,,,,,,,,,,,,,,
470,4,4,Booka Shade,Movement,1/1/2017,Electronic,House,N/A,,,,,,,,,,,,,,,,
471,4,4,Skrillex,Bangarang EP,1/1/2017,Electronic,Dubstep,N/A,,,,,,,,,,,,,,,,
472,4,4,Fatboy Slim,"You've Come A Long Way, Baby",1/1/2017,Electronic,House,N/A,,,,,,,,,,,,,,,,
473,4,5,The Chemical Brothers,Dig Your Own Hole,1/1/2017,Electronic,House,N/A,,,,,,,,,,,,,,,,
474,4,5,Disclosure,Settle,1/1/2017,Electronic,House,N/A,,,,,,,,,,,,,,,,
475,4,5,Robyn,Body Talk,1/1/2017,Electronic,House,N/A,,,,,,,,,,,,,,,,
476,4,5,Depeche Mode,Violator,1/1/2017,Rock,New Wave,N/A,,,,,,,,,,,,,,,,
477,4,5,The National,Sleep Well Beast,1/1/2017,Indie,,N/A,,,,,,,,,,,,,,,,
478,4,5,Jeff Buckley,Grace,1/1/2017,Rock,,N/A,,,,,,,,,,,,,,,,
479,4,5,XXXtentacion,17,1/1/2017,Rap,Alt Hip Hop,N/A,,,,,,,,,,,,,,,,
480,4,5,Cobalt Road and STAQQOVERFLO,Biosphere,1/1/2017,Electronic,Vaporwave,N/A,,,,,,,,,,,,,,,,
481,4,5,Tears for Fears,Songs from the Big Chair,1/1/2017,,New Wave,N/A,,,,,,,,,,,,,,,,
482,4,5,Cassettes Won't Listen,Look Back,1/1/2017,Electronic,,N/A,,,,,,,,,,,,,,,,
483,4,6,Cassettes Won't Listen,One Alternative,1/1/2017,Electronic,,N/A,,,,,,,,,,,,,,,,
484,4,6,Dexter Wansel,Voyager,1/1/2017,Jazz,,N/A,,,,,,,,,,,,,,,,
485,4,6,Yabadum,Careful Kid,1/1/2017,Indie,,N/A,,,,,,,,,,,,,,,,
486,4,6,Patrick Carney,Bojack Horseman (Soundtrack),1/1/2017,Soundtrack,,N/A,,,,,,,,,,,,,,,,
487,4,6,Walk the Moon,Walk the Moon,1/1/2017,Rock,,8,7,9,,,,,,,,,,,,,,
488,4,6,Walk the Moon,Talking is Hard,1/1/2017,Pop,,N/A,,,,,,,,,,,,,,,,
489,4,6,Oasis,(What's the Story) Morning Glory,1/1/2017,Rock,,N/A,,,,,,,,,,,,,,,,
490,4,6,Oasis,Definitely Maybe,1/1/2017,Rock,,N/A,,,,,,,,,,,,,,,,
491,4,6,Oasis,Be Here Now,1/1/2017,Rock,,N/A,,,,,,,,,,,,,,,,
492,4,6,Blur,Parklife,1/1/2017,Rock,,N/A,,,,,,,,,,,,,,,,
493,4,7,Blur,Blur,1/1/2017,Rock,,N/A,,,,,,,,,,,,,,,,
494,4,7,Kings of Leon,Young and Young Manhood,1/1/2017,Rock,Southern Rock,N/A,,,,,,,,,,,,,,,,
495,4,7,Kings of Leon,Only by the Night,1/1/2017,Rock,Southern Rock,N/A,,,,,,,,,,,,,,,,
496,4,7,Kings of Leon,Come Around Sundown,1/1/2017,Rock,Southern Rock,N/A,,,,,,,,,,,,,,,,
497,4,7,Kings of Leon,Mechanical Bull,1/1/2017,Rock,Southern Rock,N/A,,,,,,,,,,,,,,,,
498,4,7,Godspeed You! Black Emporer,Luciferian Towers,1/1/2017,Rock,Post-Rock,7.5,7.5,,,,,,,,,,,,,,,
499,4,7,clipping.,CLPPNG,1/1/2017,Rap,Experimental Rap,8.5,8.5,,,,,,,,,,,,,,,
500,4,7,M83,"Dead Cities, Red Seas, and Lost Ghosts",1/1/2017,Electronic,,N/A,,,,,,,,,,,,,,,,
501,4,7,City and Colour,Bring Me Your Love,1/1/2017,,,N/A,,,,,,,,,,,,,,,,
502,4,7,Paramore,After Laughter,1/1/2017,Pop,,5,5,,,,,,,,,,,,,,,
503,4,8,Home,Before the Night,1/1/2017,Electronic,,9,9,,,,,,,,,,,,,,,
504,4,8,Beck,Midnite Vultures,1/1/2017,Indie,,N/A,,,,,,,,,,,,,,,,
505,4,8,Beck,Sea Change,1/1/2017,Indie,,N/A,,,,,,,,,,,,,,,,
506,4,8,Earl Sweatshirt,"I Don't Like Shit, I Don't Go Outside: An Album by Earl Sweatshirt",1/1/2017,Rap,,3,3,,,,,,,,,,,,,,,
507,4,8,Feist,Let It Die,1/1/2017,Indie,Indie Pop,7,7,,,,,,,,,,,,,,,
508,4,8,Feist,The Reminder,1/1/2017,Indie,Indie Pop,6,6,,,,,,,,,,,,,,,
509,4,8,Youth Lagoon,The Year of Hibernation,1/1/2017,Indie,,8,8,,,,,,,,,,,,,,,
510,4,8,Cloudkicker,Let Yourself Be Huge,1/1/2017,Rock,Math Rock,7.5,7.5,,,,,,,,,,,,,,,
511,4,8,Al Stewart,Year of the Cat,1/1/2017,,,N/A,,,,,,,,,,,,,,,,
512,4,8,The Allman Brothers,"Wipe the Windows, Check the Oil, Dollar Gas",1/1/2017,Rock,Southern Rock,N/A,,,,,,,,,,,,,,,,
513,4,9,Asia,Asia,1/1/2017,,,N/A,,,,,,,,,,,,,,,,
514,4,9,The B52's,The B52's,1/1/2017,Rock,New Wave,N/A,,,,,,,,,,,,,,,,
515,4,9,The Band,The Last Waltz,1/1/2017,,,N/A,,,,,,,,,,,,,,,,
516,4,9,Better Than Ezra,Deluxe,1/1/2017,Rock,Post-Grunge,N/A,,,,,,,,,,,,,,,,
517,4,9,Big Star,Third/Sister Lovers,1/1/2017,,,N/A,,,,,,,,,,,,,,,,
518,4,9,The Blasters,American Music,1/1/2017,,,N/A,,,,,,,,,,,,,,,,
519,4,9,"Blood, Sweat and Tears","Blood, Sweat and Tears",1/1/2017,,,N/A,,,,,,,,,,,,,,,,
520,4,9,Bob Dylan,Blonde on Blonde,1/1/2017,Folk,,N/A,,,,,,,,,,,,,,,,
521,4,9,Bob Dylan,Blood on the Tracks,1/1/2017,Folk,,N/A,,,,,,,,,,,,,,,,
522,4,9,Boz Scaggs,Silk Degrees,1/1/2017,Pop,,7,7,,,,,,,,,,,,,,,
523,4,10,Buck Owens,I've Got a Tiger by the Tail,1/1/2017,Country,,N/A,,,,,,,,,,,,,,,,
524,4,10,Buddy Holly and the Crickets,"The ""Chirping"" Crickets",1/1/2017,Rock,,N/A,,,,,,,,,,,,,,,,
525,4,10,Buzzcocks,Singles Going Steady,1/1/2017,Rock,,N/A,,,,,,,,,,,,,,,,
526,4,10,Cabinessence,Naked Friends,1/1/2017,,,6.5,6.5,,,,,,,,,,,,,,,
527,4,10,Home,Falling Into Place,1/1/2017,Electronic,Dance,8.5,8.5,,,,,,,,,,,,,,,
528,4,10,Tycho,Epoch,1/1/2017,Electronic,Ambient,6,6,,,,,,,,,,,,,,,
529,4,10,Porter Robinson,Worlds,1/1/2017,Electronic,Electropop,8,8,,,,,,,,,,,,,,,
530,4,10,Beirut,No No No,1/1/2017,Indie,Indie Folk,7,7,,,,,,,,,,,,,,,
531,4,10,Rogue Wave,Permalight,1/1/2017,Indie,Indie Rock,6.5,6.5,,,,,,,,,,,,,,,
532,4,10,Scavenger Hunt,Scavenger Hunt EP,1/1/2017,Electronic,Electropop,7.5,7.5,,,,,,,,,,,,,,,
533,5,1,Elijah Who,Gentle Boy,1/1/2017,Rap,Lo-Fi,8,8,,,,,,,,,,,,,,,
534,5,1,Elijah Who,new feelings,1/1/2017,Rap,Lo-Fi,8.5,8.5,,,,,,,,,,,,,,,
535,5,1,NONONO,We Are Only What We Feel,1/1/2017,Pop,Pop Rock,6,6,,,,,,,,,,,,,,,
536,5,1,Com Truise,In Decay,1/1/2017,Electronic,Future Funk,7,7,,,,,,,,,,,,,,,
537,5,1,Joji,In Tongues,1/1/2017,Electronic,Lo-Fi,6.5,6.5,,,,,,,,,,,,,,,
538,5,1,Various Artists,Kitsune Maison Compilation,1/1/2017,Misc,Misc,5,5,,,,,,,,,,,,,,,
539,5,1,Rogue Wave,Cover Me,1/1/2017,Misc,Misc,6.5,6.5,,,,,,,,,,,,,,,
540,5,1,Beirut,East Harlem,1/1/2017,Indie,Indie Folk,6.5,6.5,,,,,,,,,,,,,,,
541,5,1,Matchbox 20,Exile on Mainstream,1/1/2017,Rock,,8.25,8,8.5,,,,,,,,,,,,,,
542,5,1,Vantage,Aloha Islands,1/1/2017,Electronic,Electropop,5.5,5.5,,,,,,,,,,,,,,,
543,5,2,The Cardigans,First Band on the Moon,1/1/2017,Pop,Pop Rock,N/A,,,,,,,,,,,,,,,,
544,5,2,Carole King,Tapestry,1/1/2017,Pop,Singer/Songwriter,N/A,,,,,,,,,,,,,,,,
545,5,2,Carpenters,Carpenters,1/1/2017,R&B,Soul,N/A,,,,,,,,,,,,,,,,
546,5,2,The Cars,The Cars,1/1/2017,Rock,New Wave,7,7,,,,,,,,,,,,,,,
547,5,2,Cat Stevens,Tea For The Tillerman,1/1/2017,Rock,Folk Rock,7.5,7.5,,,,,,,,,,,,,,,
548,5,2,Cheap Trick,Sgt. Pepper Live,1/1/2017,Rock,,7,7,,,,,,,,,,,,,,,
549,5,2,Cheap Trick,At Budokan,1/1/2017,Rock,,6.5,6.5,,,,,,,,,,,,,,,
550,5,2,Chet Baker,Chet,1/1/2017,Jazz,,7.5,7.5,,,,,,,,,,,,,,,
551,5,2,Chris Isaak,Heart Shaped World,1/1/2017,Rock,Rockabilly,6.5,6.5,,,,,,,,,,,,,,,
552,5,2,The Clash,London Calling,1/1/2017,Rock,Punk Rock,8,8,,,,,,,,,,,,,,,
553,5,3,Cream,Disraeli Gears,1/1/2017,Rock,Psych Rock,6.5,6.5,,,,,,,,,,,,,,,
554,5,3,Creedence Clearwater Revival,Cosmo's Factory,1/1/2017,Rock,Southern Rock,6,6,,,,,,,,,,,,,,,
555,5,3,"Crosby, Stills and Nash","Crosby, Stills and Nash",1/1/2017,Rock,Folk Rock,7,7,,,,,,,,,,,,,,,
556,5,3,Cyndi Lauper,She's So Unusual,1/1/2017,Pop,Pop Rock,7,7,,,,,,,,,,,,,,,
557,5,3,The Dave Brubeck Quartet,Time Out,1/1/2017,Jazz,Cool Jazz,8,8,,,,,,,,,,,,,,,
558,5,3,Fleet Foxes,Helplessness Blues,1/1/2017,Indie,Indie Folk,6.5,6.5,,,,,,,,,,,,,,,
559,5,3,Frank Zappa,Hot Rats,1/1/2017,Jazz,Jazz Fusion,7,7,,,,,,,,,,,,,,,
560,5,3,Fugazi,Repeater,1/1/2017,Rock,Punk Rock,6.5,6.5,,,,,,,,,,,,,,,
561,5,3,Mirror Kisses,Bad Dreams,1/1/2017,Electronic,Electropop,7.5,7.5,,,,,,,,,,,,,,,
562,5,3,Mirror Kisses,Heartbeats,1/1/2017,Electronic,Darkwave,5.5,5.5,,,,,,,,,,,,,,,
563,5,4,Future Feelings,Future Feelings,1/1/2017,Electronic,Future Funk,7,7,,,,,,,,,,,,,,,
564,5,4,George Clanton,100% Electronica,1/1/2017,Electronic,Electropop,8,8,,,,,,,,,,,,,,,
565,5,4,PUP,The Dream Is Over,1/1/2017,Rock,Emo Rock,7.5,7.5,,,,,,,,,,,,,,,
566,5,4,Birdy,Birdy,1/1/2017,Indie,Indie Folk,6.5,6.5,,,,,,,,,,,,,,,
567,5,4,Birdy,Fire Within,1/1/2017,Indie,Indie Pop,6,6,,,,,,,,,,,,,,,
568,5,4,Birdy,Beautiful Lies,1/1/2017,Indie,Indie Pop,5.5,5.5,,,,,,,,,,,,,,,
569,5,4,Chance the Rapper,Coloring Book,1/1/2017,Rap,Gospel Rap,7.5,7.5,,,,,,,,,,,,,,,
570,5,4,Eels,Electro-Shock Blues,1/1/2017,Rock,Indie Rock,6.5,6.5,,,,,,,,,,,,,,,
571,5,4,Weezer,Everything Will Be Alright In The End,1/1/2017,Rock,Alternative Rock,6.5,6.5,,,,,,,,,,,,,,,
572,5,4,FrankJavCee,"FrankJavCee Collection, Vol. 1, Pt. II",1/1/2017,Electronic,Electropop,7.5,7.5,,,,,,,,,,,,,,,
573,5,5,charlie too human,wat.,1/1/2017,Electronic,Lo-fi Electronic,5,5,,,,,,,,,,,,,,,
574,5,5,charlie too human,"Morning Joints, Vol. 1",1/1/2017,Electronic,Lo-fi Electronic,7.5,7.5,,,,,,,,,,,,,,,
575,5,5,charlie too human,Soundcloud Joints,1/1/2017,Electronic,Lo-fi Electronic,7,7,,,,,,,,,,,,,,,
576,5,5,David Maxim Micic,Eco,1/1/2017,Metal,Progressive Metal,6.5,6.5,,,,,,,,,,,,,,,
577,5,5,David Maxim Micic,Who Bit The Moon,1/1/2017,Metal,Progressive Metal,4,4,,,,,,,,,,,,,,,
578,5,5,Muse,Origin Of Symmetry,1/1/2017,Rock,Hard Rock,7,7,,,,,,,,,,,,,,,
579,5,5,Tomppabeats,Harbor,1/1/2017,Electronic,Lo-fi Electronic,8,8,,,,,,,,,,,,,,,
580,5,5,Idealism,rainy evening ep,1/1/2017,Electronic,Lo-fi Electronic,7.5,7.5,,,,,,,,,,,,,,,
581,5,5,Zach Farache,Fatigue,1/1/2017,Electronic,Lo-fi Electronic,9,9,,,,,,,,,,,,,,,
582,5,5,Nick Leng,Drivers,1/1/2017,Electronic,Chillwave,9,9,,,,,,,,,,,,,,,
583,5,6,Nick Leng,Tunnels and Planes,1/1/2017,Electronic,Downtempo,8.5,8.5,,,,,,,,,,,,,,,
584,5,6,Milosh,You Make Me Feel,1/1/2017,Electronic,Chill-out,7.5,7.5,,,,,,,,,,,,,,,
585,5,6,Milosh,Meme,1/1/2017,Electronic,Chill-out,7.5,7.5,,,,,,,,,,,,,,,
586,5,6,Milosh,iii,1/1/2017,Electronic,Chill-out,6.5,6.5,,,,,,,,,,,,,,,
587,5,6,Milosh,Jetlag,1/1/2017,Electronic,Instrumental,4.5,4.5,,,,,,,,,,,,,,,
588,5,6,Sorority Noise,Forgettable,1/1/2017,Rock,Emo Rock,7,7,,,,,,,,,,,,,,,
589,5,6,Daft Punk,Random Access Memories,1/1/2017,Electronic,Dance/Electrofunk,6,6,,,,,,,,,,,,,,,
590,5,6,Logic,The Incredible True Story,1/1/2017,Rap,Hip Hop,7,7,,,,,,,,,,,,,,,
591,5,6,Heartless Bastard,Arrow,1/1/2017,Rock,Blues Rock,6.5,6.5,,,,,,,,,,,,,,,
592,5,6,Boy Pablo,Roy Pablo,1/1/2017,Pop,Jangle Pop,8.5,8.5,,,,,,,,,,,,,,,
593,5,7,Weezer,White Album,1/1/2017,Rock,Power Pop/Alternative Rock,8,8,,,,,,,,,,,,,,,
594,5,7,John Mayer,Continuum,1/1/2017,Rock,Coffeehouse Rock,8,8,,,,,,,,,,,,,,,
595,5,7,Bright Eyes,"I'm Wide Awake, It's Morning",1/1/2017,Indie,Indie Rock,7,7,,,,,,,,,,,,,,,
596,5,7,Ben Folds,"supersunnyspeedgraphic, the lp",1/1/2017,Indie,Power Pop,8,8,,,,,,,,,,,,,,,
597,5,7,Kodaline,In A Perfect World,1/1/2017,Indie,Indie Folk/Indie Rock,7,7,,,,,,,,,,,,,,,
598,5,7,B�RNS,Dopamine,1/1/2017,Indie,Indie Rock/Indietronica,8,8,,,,,,,,,,,,,,,
599,5,7,Glass Animals,ZABA,1/1/2017,Electronic,Chillwave,6,6,,,,,,,,,,,,,,,
600,5,7,Beach House,Depression Cherry,1/1/2017,Rock,Dream Pop,8,8,,,,,,,,,,,,,,,
601,5,7,Snarky Puppy,We Like It Here,1/1/2017,Jazz,Jazz Fusion,7.5,7.5,,,,,,,,,,,,,,,
602,5,7,The Format,Dog Problems,1/1/2017,Indie,Indie Pop,7,7,,,,,,,,,,,,,,,
603,5,8,The Strokes,Comedown Machine,1/1/2017,Rock,Garage Rock,8,8,,,,,,,,,,,,,,,
604,5,8,Gold Panda,Your Good Times Are Just Beginning,1/1/2017,Electronic,Ambient/House,6.5,6.5,,,,,,,,,,,,,,,
605,5,8,The Mowgli's,Where'd Your Weekend Go?,1/1/2017,Pop,Indie Pop,5,5,,,,,,,,,,,,,,,
606,5,8,Bombay Bicycle Club,Flaws,1/1/2017,Indie,Indie Folk,7,7,,,,,,,,,,,,,,,
607,5,8,Bombay Bicycle Club,A Different Kind of Fix,1/1/2017,Indie,Indie Rock,6,6,,,,,,,,,,,,,,,
608,5,8,Weezer,Maladroit,1/1/2017,Rock,Power Pop,7,7,,,,,,,,,,,,,,,
609,5,8,Weezer,Death to False Metal,1/1/2017,Rock,Power Pop,5,5,,,,,,,,,,,,,,,
610,5,8,Weezer,Hurley,1/1/2017,Rock,,8,8,,,,,,,,,,,,,,,
611,5,8,Weezer,Pacific Daydream,1/1/2017,Rock,,5,5,,,,,,,,,,,,,,,
612,5,8,David Gray,White Ladder,1/1/2017,Folk,Folktronica,8.25,8,8.5,,,,,,,,,,,,,,
613,5,9,De La Soul,3 Feet High and Rising,1/1/2017,Rap,,8.5,8.5,,,,,,,,,,,,,,,
614,5,9,Def Leppard,Pyromania,1/1/2017,Rock,Classical Rock,7,7,,,,,,,,,,,,,,,
615,5,9,Derek and the Dominos,Layla and Other Assorted Songs,1/1/2017,,Blues Rock,6.5,6.5,,,,,,,,,,,,,,,
616,5,8,DEVO,Q: Are We Not Men? A: We Are Devo!,1/1/2017,Rock,New Wave,5,5,,,,,,,,,,,,,,,
617,5,9,Digital Underground,Sex Packets,1/1/2017,Rap,Golden Age Hip-Hop,6,6,,,,,,,,,,,,,,,
618,5,9,Dire Straits,Dire Straits,1/1/2017,Rock,Blues Rock,5,5,,,,,,,,,,,,,,,
619,5,9,Dire Straits,Brothers In Arms,1/1/2017,Rock,Blues Rock,5,5,,,,,,,,,,,,,,,
620,5,9,The Doors,The Doors,1/1/2017,Rock,Oldies Classic Rock,7,7,,,,,,,,,,,,,,,
621,5,9,Dusty Springfield,Dusty in Memphis,1/1/2017,Pop,Pop Soul,4,4,,,,,,,,,,,,,,,
622,5,9,Eagles,Hotel California,1/1/2017,Rock,Oldeis Classic Rock,6,6,,,,,,,,,,,,,,,
623,5,10,Echo and the Bunnymen,Ocean Rain,1/1/2017,Rock,New Wave,6.5,6.5,,,,,,,,,,,,,,,
624,5,10,Eels,Beautiful Freak,1/1/2017,Indie,,7.5,7.5,,,,,,,,,,,,,,,
625,5,10,Elton John,Madman Across the Water,1/1/2017,Pop,Pop Rock,6,6,,,,,,,,,,,,,,,
626,5,10,Elvis Costello,My Aim Is True,1/1/2017,Rock,Power Pop,7,7,,,,,,,,,,,,,,,
627,5,10,emmet swimming,Wake,1/1/2017,Rock,Alternative Rock,7,7,,,,,,,,,,,,,,,
628,5,10,Emmy the Great,First Love,1/1/2017,Folk,Anti-Folk,6.5,6.5,,,,,,,,,,,,,,,
629,5,10,Etta James,At Last!,1/1/2017,R&B,Blues,4,4,,,,,,,,,,,,,,,
630,5,10,Eurythmics,Touch,1/1/2017,Rock,New Wave,5,5,,,,,,,,,,,,,,,
631,5,10,The Fabulous Thunderbirds,Tuff Enuff,1/1/2017,Rock,Blues Rock,5,5,,,,,,,,,,,,,,,
632,5,10,Fear,The Record,1/1/2017,Rock,Hardcore Punk,4,4,,,,,,,,,,,,,,,
633,6,1,The Feelies,Crazy Rhythms,1/1/2017,Rock,Post-Punk,5.5,5.5,,,,,,,,,,,,,,,
634,6,1,Fine Young Cannibals,Fine Young Cannibals,1/1/2017,Rock,New Wave,5,5,,,,,,,,,,,,,,,
635,6,1,Fishbone,The Reality of My Surroundings,1/1/2017,Rock,Ska Punk/Funk Rock,5,5,,,,,,,,,,,,,,,
636,6,1,Frankie Miller Band,The Rock,1/1/2017,Rock,Blues Rock,5,5,,,,,,,,,,,,,,,
637,6,1,Foreigner,Four,1/1/2017,Rock,Hard Rock,5,5,,,,,,,,,,,,,,,
638,6,1,The Wombats,The Wombats proudly present... This Modern Glitch,1/1/2017,Rock,Indie Rock/Alternative Rock,6,6,,,,,,,,,,,,,,,
639,6,1,Saint Motel,saintmotelevision,1/1/2017,Indie,Indie Pop,6.5,6.5,,,,,,,,,,,,,,,
640,6,1,Kendrick Lamar,"good kid, m.A.A.d city (Deluxe)",1/1/2017,Rap,Hip-Hop,8,8,,,,,,,,,,,,,,,
641,6,1,Zella Day,Kicker,1/1/2017,Pop,,6,6,,,,,,,,,,,,,,,
642,6,1,Spose,Good Luck With Your Life,1/1/2017,Rap,Hip-Hop,4,4,,,,,,,,,,,,,,,
643,6,2,Alanis Morissette,Jagged Little Pills,1/1/2017,Rock,Alternative Rock,6.5,6.5,,,,,,,,,,,,,,,
644,6,2,Kungs,Layers,1/1/2017,Electronic,Tropical House,6,6,,,,,,,,,,,,,,,
645,6,2,Weather Report,The Essential Weather Report,1/1/2017,Jazz,Jazz,6.5,6.5,,,,,,,,,,,,,,,
646,6,2,The Killers,Sam's Town,1/1/2017,Rock,Alternative Rock,6.75,6,7.5,,,,,,,,,,,,,,
647,6,2,Grieves,Together/Apart,1/1/2017,Rap,Soulful Rap,6,6,,,,,,,,,,,,,,,
648,6,2,Nico,Chelsea Girl,1/1/2017,Folk,Chamber Folk,5,5,,,,,,,,,,,,,,,
649,6,2,Baio,Man of the World,1/1/2017,Rock,Indie Rock/Alternative Rock,6,6,,,,,,,,,,,,,,,
650,6,2,Dave B.,Pearl,1/1/2017,Rap,,6.5,6.5,,,,,,,,,,,,,,,
651,6,2,THEY.,Nu Religion: HYENA,1/1/2017,Rap,,6.5,6.5,,,,,,,,,,,,,,,
652,6,2,The Smashing Pumpkins,Gish,1/1/2017,Rock,,5,5,,,,,,,,,,,,,,,
653,6,3,The Smashing Pumpkins,Pisces Iscariot,1/1/2017,Rock,,6,6,,,,,,,,,,,,,,,
654,6,3,Elijah Who,don't make me cry,1/1/2017,Electronic,Lo-Fi Electronic,7,7,,,,,,,,,,,,,,,
655,6,3,Elijah Who,a cute day,1/1/2017,Electronic,Lo-Fi Electronic,7.5,7.5,,,,,,,,,,,,,,,
656,6,3,Elijah Who,i'm tired of feeling this way / lychee juice,1/1/2017,Electronic,Lo-Fi Electronic,7,7,,,,,,,,,,,,,,,
657,6,3,G-Eazy,Must Be Nice,1/1/2017,Rap,,5.5,5.5,,,,,,,,,,,,,,,
658,6,3,Four Tet,Pause,1/1/2017,Electronic,,6,6,,,,,,,,,,,,,,,
659,6,3,Tunng,Mother's Daughter & Other Songs,1/1/2017,Electronic,Folktronica,7,7,,,,,,,,,,,,,,,
660,6,3,Caribou,The Milk of Human Kindness,1/1/2017,Electronic,Folktronica,7.5,7.5,,,,,,,,,,,,,,,
661,6,3,atlas,misc ep,1/1/2017,Electronic,,8,8,,,,,,,,,,,,,,,
662,6,3,clipping.,midcity,1/1/2017,Rap,Experimental Hip-Hop,6.5,6.5,,,,,,,,,,,,,,,
663,6,4,Rhye,Blood,1/1/2017,R&B,,5.5,5.5,,,,,,,,,,,,,,,
664,6,4,Fergie,The Dutchess,1/1/2017,Pop,,6,6,,,,,,,,,,,,,,,
665,6,4,Kirin J Callinan,Bravado,1/1/2017,Electronic,EDM,5.5,5.5,,,,,,,,,,,,,,,
666,6,4,OMI,Me 4 U,1/1/2017,Electronic,Tropical House,5,5,,,,,,,,,,,,,,,
667,6,4,The Chemical Brothers,We Are The Night,1/1/2017,Electronic,House,6,6,,,,,,,,,,,,,,,
668,6,4,Runners Club 95,Panama Papers,1/1/2017,Electronic,Vaporwave/Vaportrap,6.5,6.5,,,,,,,,,,,,,,,
669,6,4,Kendrick Lamar,Section.80,1/1/2017,Rap,,6,6,,,,,,,,,,,,,,,
670,6,4,Emil Rottmayer,Distraction,1/1/2017,Electronic,Synthwave,7,7,,,,,,,,,,,,,,,
671,6,4,She's Not Real,Summer Sorrow,1/1/2017,Electronic,Synthwave,6,6,,,,,,,,,,,,,,,
672,6,4,Animal Collective,Sung Tongs,1/1/2017,Indie,Indie Folk,5.5,5.5,,,,,,,,,,,,,,,
673,6,5,Animal Collective,Feels,1/1/2017,Indie,,5,5,,,,,,,,,,,,,,,
674,6,5,Mount Eerie,A Crow Looked At Me,1/1/2017,Rock,,5,5,,,,,,,,,,,,,,,
675,6,5,Rich Brian,Amen,1/1/2017,Rap,,6,6,,,,,,,,,,,,,,,
676,6,5,Portugal. the Man,American Ghetto,1/1/2017,Rock,Alternative Rock,7,7,,,,,,,,,,,,,,,
677,6,5,La Roux,La Roux,1/1/2017,Electronic,Synth-Pop,9,9,,,,,,,,,,,,,,,
678,6,5,Modest Mouse,This Is a Long Drive for Someone with Nothing to Think About,1/1/2017,Indie,Indie Rock/Punk Rock,5,5,,,,,,,,,,,,,,,
679,6,5,Modest Mouse,Build Nothing out of Something,1/1/2017,Indie,,6.5,6.5,,,,,,,,,,,,,,,
680,6,5,Modest Mouse,Sad Sappy Sucker,1/1/2017,Indie,,4.5,4.5,,,,,,,,,,,,,,,
681,6,5,Modest Mouse,Baron Von Bullshit Rides Again,1/1/2017,Indie,,7,7,,,,,,,,,,,,,,,
682,6,5,Modest Mouse,We Were Dead Before The Ship Even Sank,1/1/2017,Indie,,6.5,6.5,,,,,,,,,,,,,,,
683,6,6,Modest Mouse,The Lonesome Crowded West,1/1/2017,Indie,,4,4,,,,,,,,,,,,,,,
684,6,6,Car Seat Headrest,Twin Fantasy,1/1/2017,Rock,Lo-Fi Rock,6.5,6.5,,,,,,,,,,,,,,,
685,6,6,Capital Cities,Swimming Pool Summer - EP,1/1/2017,Electronic,Electropop,7,7,,,,,,,,,,,,,,,"Interesting elements of funk combined with electronic sounds. A lot more stripped down than there debut album ""In A Tidal Wave of Mystery"", but a very similar sound overall."
686,6,6,Something Corporate,Leaving Through The Window,1/1/2017,Rock,Alternative Rock/Pop Punk,6.5,6.5,,,,,,,,,,,,,,,"Despite being have a clear pop punk sound, on some songs Something Corporate sounds closer to Mike Doughty of Soul Coughing than a true pop punk band. There is a more distinct use of piano melodies that come through the foreground that really separates Something Corporate from most pop punk and brings it in to a more Alternative Rock band with elements of pop punk."
687,6,6,Something Corporate,North,1/1/2017,Rock,Alternative Rock,6,6,,,,,,,,,,,,,,,
688,6,6,FM-84,Atlas,1/1/2017,Electronic,Synthwave,7,7,,,,,,,,,,,,,,,
689,6,6,Negative Gemini,Forget Your Future,1/1/2017,Electronic,Sythnpop,6.5,6.5,,,,,,,,,,,,,,,
690,6,6,Negative Gemini,Body Work,1/1/2017,Electronic,Synthpop,6,6,,,,,,,,,,,,,,,
691,6,6,Brandon Flowers,The Desired Effect,1/1/2017,Rock,Alternative Rock/New Wave,7,7,,,,,,,,,,,,,,,
692,6,6,The Magic Numbers,The Magic Numbers,1/1/2017,Indie,Indie Folk/Indie Rock,8,8,,,,,,,,,,,,,,,
693,6,7,Swell,There Is Still Us,1/1/2017,Electronic,Lo-Fi Electronic,8.5,8.5,,,,,,,,,,,,,,,
694,6,7,mr. hong,long days.short years,1/1/2017,Electronic,Lo-Fi Electronic,8.5,8.5,,,,,,,,,,,,,,,
695,6,7,Subaeris,New Tokyo Blue Mood ??,1/1/2017,Electronic,Vaporwave,8,8,,,,,,,,,,,,,,,
696,6,7,Waka Flocka Flame,Flockaveli,1/1/2017,Rap,,6,6,,,,,,,,,,,,,,,
697,6,7,Neon Indian,Vega Intl. Night School,1/1/2017,Electronic,,5,5,,,,,,,,,,,,,,,
698,6,7,mt. fujitive,honshu island,1/1/2017,Electronic,Lo-Fi Electronic,5.5,5.5,,,,,,,,,,,,,,,
699,6,7,People Like You,This Is What I've Learned,1/1/2017,Rock,Emo Rock/Math Rock,6.5,6.5,,,,,,,,,,,,,,,
700,6,7,aimless,beats from 2017,1/1/2017,Electronic,Lo-Fi Electronic,7.5,7.5,,,,,,,,,,,,,,,
701,6,7,aimless,change of scenery,1/1/2017,Electronic,Lo-Fi Electronic,7.5,7.5,,,,,,,,,,,,,,,
702,6,7,Tra$h,AWAKE Vol. 1,1/1/2017,Electronic,Lo-Fi Electronic,6.5,6.5,,,,,,,,,,,,,,,
703,6,8,eli.,Act Surprised,1/1/2017,Electronic,Electropop/Indie Pop,6,6,,,,,,,,,,,,,,,
704,6,8,Kudasaibeats,Falling,1/1/2017,Electronic,Lo-Fi Electronic,7,7,,,,,,,,,,,,,,,
705,6,8,Various Artists,A Cup of Lofi #1,1/1/2017,Electronic,Lo-Fi Electronic,8,8,,,,,,,,,,,,,,,
706,6,8,city girl,snow rose,1/1/2017,Electronic,Lo-Fi Electronic,8.5,8.5,,,,,,,,,,,,,,,
707,6,8,OK Go,OK Go,1/1/2017,Rock,Alternative Rock,7.5,7.5,,,,,,,,,,,,,,,
708,6,8,mr. hong,Colors,1/1/2017,Electronic,Jazz Hop,8,8,,,,,,,,,,,,,,,
709,6,8,Liam Phelan,The Relate - EP,1/1/2017,Electronic,Lo-Fi Electronic,6,6,,,,,,,,,,,,,,,
710,6,8,Neon Trees,Habits,1/1/2017,Pop,Pop Rock,6.5,6.5,,,,,,,,,,,,,,,
711,6,8,Neon Trees,Picture Show,1/1/2017,Pop,Pop Rock,7.5,7.5,,,,,,,,,,,,,,,
712,6,8,Hockey,Mind Chaos,1/1/2017,Rock,Indie Rock,6,6,,,,,,,,,,,,,,,
713,6,9,Atlas Genius,When It Was Now,1/1/2017,Rock,Pop Rock,6.5,6.5,,,,,,,,,,,,,,,
714,6,9,CHAPPO,Moonwater,1/1/2017,Rock,Indie Rock,6,6,,,,,,,,,,,,,,,
715,6,9,The Rumours,From The Corner Into Your Ear,1/1/2017,Rock,Garage Rock,7,7,,,,,,,,,,,,,,,
716,6,9,Violent Femmes,Violent Femmes,1/1/2017,Rock,Folk Punk,7.5,7.5,,,,,,,,,,,,,,,
717,6,9,Tame Impala,Currents,1/1/2017,Rock,Neopsychedlia,8,8,,,,,,,,,,,,,,,
718,6,9,Death,...For The Whole World To See,1/1/2017,Rock,Punk Rock,8,8,,,,,,,,,,,,,,,
719,6,9,Mike Doughty,Golden Delicious,1/1/2017,Rock,,6,6,,,,,,,,,,,,,,,
720,6,9,Soul Coughing,El Oso,1/1/2017,Rock,Alternative Rock,7,7,,,,,,,,,,,,,,,
721,6,9,HalfNoise,Volcano Crowe,1/1/2017,Indie,Indietronica,6,6,,,,,,,,,,,,,,,
722,6,9,Jack Stauber,HiLo,7/11/2018,Pop,Hygnagogic Pop,5.5,5.5,,,,,,,,,,,,,,,
723,6,10,Jack Stauber,Pop Food,7/11/2018,Pop,Hygnagogic Pop,6,6,,,,,,,,,,,,,,,
724,6,10,B�JET,Sleepwalk,7/11/2018,Rap,Trap/Lo-Fi Hip-hop,8,8,,,,,,,,,,,,,,,
725,6,10,J. Cole,2014 Forest Hills Drive,7/12/2018,Rap,,5.5,5.5,,,,,,,,,,,,,,,
726,6,10,Voxtrot,Raised By Wolves EP,7/12/2018,Rock,Indie Rock/Alternative Rock,7,7,,,,,,,,,,,,,,,
727,6,10,Jimmy Buffet,Living and Dying in 3/4 Time,7/14/2018,Country,,5,5,,,,,,,,,,,,,,,
728,6,10,Bleachers,Gone Now,7/14/2018,Rock,Synth-Pop/Indietronica,6.5,6.5,,,,,,,,,,,,,,,
729,6,10,Bleachers,Strange Desires,7/18/2018,Rock,Alternative Rock,8,8,,,,,,,,,,,,,,,
730,6,10,Scavenger Hunt,Shapes and Outlines,7/18/2018,Electronic,Electropop,7,7,,,,,,,,,,,,,,,
731,6,10,Beach House,7,7/23/2018,Electronic,Dream Pop,7,7,,,,,,,,,,,,,,,
732,6,10,Jack Johnson,All The Light Above It Too,7/23/2018,Rock,Surf Rock/Coffeehouse Rock,6,6,,,,,,,,,,,,,,,
733,7,1,Parquet Courts,Wide Awake!,7/25/2018,Rock,Punk Rock,7.5,7.5,,,,,,,,,,,,,,,
734,7,1,90sFlav,Collection,7/25/2018,Rap,,8.5,8.5,,,,,,,,,,,,,,,
735,7,1,vbnd,things change,7/26/2018,Electronic,Alternative R&B/Neo-soul,8.5,8.5,,,,,,,,,,,,,,,
736,7,1,Engelwood,Crust Fm,7/26/2018,Rap,Alternative Hip-hop/Jazzhop,8,8,,,,,,,,,,,,,,,
737,7,1,vbnd,We Go on Infinitely,7/27/2018,Electronic,Alternative R&B/Neo-soul,8.5,8.5,,,,,,,,,,,,,,,
738,7,1,Vansire,Angel Youth,7/27/2018,Electronic,Chillwave,6.5,6.5,,,,,,,,,,,,,,,
739,7,1,The Temper Trap,Conditions,7/27/2018,Rock,Alternative Rock,9,9,,,,,,,,,,,,,,,
740,7,1,The Temper Trap,The Temper Trap,7/27/2018,Rock,Alternative Rock,6,6,,,,,,,,,,,,,,,
741,7,1,CHVRCHES,Love Is Dead,7/27/2018,Electronic,Electropop,6.5,6.5,,,,,,,,,,,,,,,
742,7,1,Kanye West,ye,7/28/2018,Rap,,6,6,,,,,,,,,,,,,,,
743,7,2,Avicii,TRUE,7/28/2018,Electronic,EDM,7.5,7.5,,,,,,,,,,,,,,,
744,7,2,Avicii,Stories,7/31/2018,Electronic,EDM,6,6,,,,,,,,,,,,,,,
745,7,2,The Rumours,That's Right You're Wrong,8/1/2018,Rock,Garage Rock/Alternative Rock,5,5,,,,,,,,,,,,,,,
746,7,2,KIDS SEE GHOSTS,KIDS SEE GHOSTS,8/1/2018,Rap,,7.5,7.5,,,,,,,,,,,,,,,
747,7,2,Dntel,Life Is Full Of Possibilities,8/2/2018,Electronic,Experimental Glitch/Downtempo,4,4,,,,,,,,,,,,,,,
748,7,2,Electric President,S / T,8/2/2018,Electronic,Folktronica,7.5,7.5,,,,,,,,,,,,,,,
749,7,2,Scattered Trees,Sympathy,8/3/2018,Rock,Alternative Rock/Indie Rock,5.5,5.5,,,,,,,,,,,,,,,
750,7,2,Death Cab for Cutie,Kintsugi,8/3/2018,Rock,Indie Rock/Alternative Rock,6.5,6.5,,,,,,,,,,,,,,,
751,7,2,Dirty Art Club,Basement Seance,8/3/2018,Electronic,,6,6,,,,,,,,,,,,,,,
752,7,2,Sunset Rollercoaster ????,Casse Nova,8/3/2018,Electronic,,5.5,5.5,,,,,,,,,,,,,,,
753,7,3,Sergio Mendes,Timeless,8/5/2018,Dance,Samba/Neo-Soul,7.5,7.5,,,,,,,,,,,,,,,
754,7,3,Death Grips,Year of the Snitch,8/5/2018,Rap,Experimental Hip-Hop,7,7,,,,,,,,,,,,,,,
755,7,3,Sub-Radio,Same Train // Different Station,8/5/2018,Rock,Indie Rock/Dance Rock,6.5,6.5,,,,,,,,,,,,,,,
756,7,3,Vance Joy,Dream Your Life Away,8/6/2018,Indie,Indie Folk/Indie Pop,6.5,6.5,,,,,,,,,,,,,,,
757,7,3,Vance Joy,Nation of Two,8/6/2018,Indie,Indie Folk/Indie Pop,5,5,,,,,,,,,,,,,,,
758,7,3,Tears For Fears,The Hurting,8/8/2018,Rock,New Wave/Synth-pop,6,6,,,,,,,,,,,,,,,
759,7,3,Toadies,Rubberneck,8/12/2018,Rock,Grunge/Alternative Rock,5,5,,,,,,,,,,,,,,,
760,7,3,Scissor Sisters,Ta Dah,8/12/2018,Rock,Nu-Disco/Pop Rock,7.5,7.5,,,,,,,,,,,,,,,
761,7,3,Pinegrove,Everything so Far,8/13/2018,Rock,Indie Rock/Indie Folk,7,7,,,,,,,,,,,,,,,
762,7,3,The Rolling Stones,Exile On Main Street,8/13/2018,Rock,,6,6,,,,,,,,,,,,,,,
763,7,4,The Rolling Stones,Let It Bleed,8/13/2018,Rock,,6.5,6.5,,,,,,,,,,,,,,,
764,7,4,Tedeschi Trucks Band,Let Me Get By,8/13/2018,R&B,Contemporary R&B,6.5,6.5,,,,,,,,,,,,,,,
765,7,4,Elijah Who,everything all at once EP,8/13/2018,Electronic,Lo-Fi Electronic,7.5,7.5,,,,,,,,,,,,,,,
766,7,4,The Ting Tings,We Started Nothing,8/14/2018,Rock,Dance Punk/Alternative Rock,7,7,,,,,,,,,,,,,,,
767,7,4,Nick Hakim,Green Twins,8/15/2018,Pop,Hypnagogic Pop,6,6,,,,,,,,,,,,,,,
768,7,4,The Voidz,Virtue,8/15/2018,Pop,Hypnagogic Pop,6.5,6.5,,,,,,,,,,,,,,,
769,7,4,Ducktails,Ducktails,8/16/2018,Pop,Hypnagogic Pop,6,6,,,,,,,,,,,,,,,
770,7,4,Teddybears,Rock On,8/17/2018,Electronic,,6,6,,,,,,,,,,,,,,,
771,7,4,Teddybears,You Are Teddybears,8/17/2018,Rock,Hardcore Punk,5,5,,,,,,,,,,,,,,,
772,7,4,88rising,Head In The Clouds,8/17/2018,Rap,,5,5,,,,,,,,,,,,,,,
773,7,5,2 8 1 4,Rain Temple,8/20/2018,Electronic,Vaporwave,7,7,,,,,,,,,,,,,,,
774,7,5,James Ferraro,Far Side Virtual,8/20/2018,Electronic,Vaporwave,8,8,,,,,,,,,,,,,,,
775,7,5,Gwen Stefani,The Sweet Escape,8/20/2018,Pop,,7.5,7.5,,,,,,,,,,,,,,,
776,7,5,Arctic Monkeys,AM,8/20/2018,Rock,Alternative Rock,5,5,,,,,,,,,,,,,,,
777,7,5,Arctic Monkeys,Tranquility Base Hotel & Casino,8/20/2018,Pop,,3.5,3.5,,,,,,,,,,,,,,,
778,7,5,Fastball,All The Pain Money Can Buy,8/20/2018,Rock,Alternative Rock,6.5,6.5,,,,,,,,,,,,,,,
779,7,5,Peter Bjorn and John,Writer's Block,8/20/2018,Indie,Indie Rock/Indie Pop,7.5,7.5,,,,,,,,,,,,,,,
780,7,5,a-ha,Hunting High and Low,8/21/2018,Pop,,5.5,5.5,,,,,,,,,,,,,,,
781,7,5,The Buttertones,Gravedigging,8/22/2018,,,4.5,4.5,,,,,,,,,,,,,,,
782,7,5,Peter Gabriel,Peter Gabriel 1: Car,8/22/2018,Pop,,5.5,5.5,,,,,,,,,,,,,,,
783,7,6,Peter Gabriel,So,8/22/2018,Pop,,6.5,6.5,,,,,,,,,,,,,,,
784,7,6,Slacker,OP-1,8/22/2018,Electronic,,7,7,,,,,,,,,,,,,,,
785,7,6,?? 9 6,Pink Soda,8/22/2018,Electronic,,6,6,,,,,,,,,,,,,,,
786,7,6,Lake Street Dive,Bad Self Portraits,8/22/2018,R&B,,7.5,7.5,,,,,,,,,,,,,,,
787,7,6,The Smashing Pumpkins,Rarities and B-Sides,,Rock,Alternative Rock,N/A,,,,,,,,,,,,,,,,
788,7,6,Darlingside,Whippoorwill,,,,N/A,,,,,,,,,,,,,,,,
789,7,6,Whitewoods,Spaceship Earth,,,,N/A,,,,,,,,,,,,,,,,
790,7,6,FrankJavCee,"FrankJavCee Collection, Vol. 1",,Electronic,,N/A,,,,,,,,,,,,,,,,
791,7,6,Capital Cities,Solarize,,Electronic,,N/A,,,,,,,,,,,,,,,,
792,7,6,Death Cab for Cutie,Thank You For Today,8/17/2018,Indie,Indie Rock/Alternative Rock,6,6,,,,,,,,,,,,,,,
793,7,7,George Clanton,Slide,8/17/2018,Electronic,Synth-Pop/Chillwave/Vaporwave,7,7,,,,,,,,,,,,,,,
794,7,7,runescape???,runescape?.?wav??????,8/16/2018,Electronic,Vaporwave,7,7,,,,,,,,,,,,,,,
795,7,7,Negative Gemini,Bad Baby,8/18/2018,Electronic,Synth-Pop/Chillwave,8,8,,,,,,,,,,,,,,,
796,7,7,The Temper Trap,Thick As Thieves,,,,N/A,,,,,,,,,,,,,,,,
797,7,7,Soft Eyez,Pink Paradise,,,,N/A,,,,,,,,,,,,,,,,
798,7,7,Soft Eyez,Jungle Juice,,,,N/A,,,,,,,,,,,,,,,,
799,7,7,Casey Calhoun,The Summer Collection,,,,N/A,,,,,,,,,,,,,,,,
800,7,7,Aair,Almost Blue,,,,N/A,,,,,,,,,,,,,,,,
